{
  "editorVersion": "6.5.8",
  "docType": "5",
  "title": "piston",
  "description": "",
  "colors": {},
  "schematics": [
    {
      "docType": "1",
      "title": "Sheet_1",
      "description": "",
      "dataStr": {
        "head": {
          "docType": "1",
          "editorVersion": "6.5.8",
          "newgId": true,
          "c_para": {
            "Prefix Start": "1"
          },
          "c_spiceCmd": "null",
          "hasIdFlag": true,
          "uuid": "b311308900464252ac9a1e90347985db",
          "x": "0",
          "y": "0",
          "portOfADImportHack": "",
          "importFlag": 0,
          "transformList": ""
        },
        "canvas": "CA~1000~1000~#FFFFFF~yes~#CCCCCC~5~1000~1000~line~5~pixel~5~0~0",
        "shape": [
          "LIB~445~-415~package`PISTON`BOM_Manufacturer``BOM_Manufacturer Part``BOM_Supplier Part``BOM_Supplier``link``Contributor`cephaswang`spicePre`U`spiceSymbolName`piston`~~0~gge26769ec2d5646f92~4c8f982a0ee94762af064821fc3ca672~10cc1d0efde54d6e95d7df439934720d~0~e6acef51672f6249~yes~yes~~~#@$T~N~415~-438.34375~0~#000080~Arial~~~~~comment~piston~1~start~gge131~0~pinpart#@$T~P~415~-446.671875~0~#000080~Arial~~~~~comment~U1~1~start~gge133~0~pinpart#@$PL~385 -425 495 -425 495 -405 375 -405 375 -425 385 -425 395 -425 395 -415~#000000~1~0~none~gge135~0#@$P~show~0~1~375~-425~~gge136~0^^375~-425^^M 375 -425 h -20~#880000^^1~353~-422~0~1~end~~~#0000FF^^1~360~-426~0~1~start~~~#0000FF^^0~358~-425^^0~M 355 -428 L 352 -425 L 355 -422",
          "LIB~435~-455~package`PISTON`BOM_Manufacturer``BOM_Manufacturer Part``BOM_Supplier Part``BOM_Supplier``link``Contributor`cephaswang`spicePre`U`spiceSymbolName`piston`~~0~ggeb2e1833e52218a4f~4c8f982a0ee94762af064821fc3ca672~10cc1d0efde54d6e95d7df439934720d~0~c3ed16441bdd308e~yes~yes~~~#@$T~N~405.0625~-478.34375~0~#000080~Arial~~~~~comment~piston~1~start~gge138~0~pinpart#@$T~P~405.0703125~-487.328125~0~#000080~Arial~~~~~comment~U2~1~start~gge140~0~pinpart#@$PL~375 -465 485 -465 485 -445 365 -445 365 -465 375 -465 385 -465 385 -455~#000000~1~0~none~gge142~0#@$P~show~0~1~365~-465~~gge143~0^^365~-465^^M 365 -465 h -20~#880000^^1~343~-462~0~1~end~~~#0000FF^^1~350~-466~0~1~start~~~#0000FF^^0~348~-465^^0~M 345 -468 L 342 -465 L 345 -462",
          "LIB~445~-370~package`PISTON`BOM_Manufacturer``BOM_Manufacturer Part``BOM_Supplier Part``BOM_Supplier``link``Contributor`cephaswang`spicePre`U`spiceSymbolName`piston`~~0~ggeb0158bb6ddf342de~4c8f982a0ee94762af064821fc3ca672~10cc1d0efde54d6e95d7df439934720d~0~1b226b5f84a2c4bc~yes~yes~~~#@$T~N~415.0625~-393.34375~0~#000080~Arial~~~~~comment~piston~1~start~gge152~0~pinpart#@$T~P~415.0703125~-402.328125~0~#000080~Arial~~~~~comment~U3~1~start~gge154~0~pinpart#@$PL~385 -380 495 -380 495 -360 375 -360 375 -380 385 -380 395 -380 395 -370~#000000~1~0~none~gge156~0#@$P~show~0~1~375~-380~~gge157~0^^375~-380^^M 375 -380 h -20~#880000^^1~353~-377~0~1~end~~~#0000FF^^1~360~-381~0~1~start~~~#0000FF^^0~358~-380^^0~M 355 -383 L 352 -380 L 355 -377",
          "LIB~440~-330~package`PISTON`BOM_Manufacturer``BOM_Manufacturer Part``BOM_Supplier Part``BOM_Supplier``link``Contributor`cephaswang`spicePre`U`spiceSymbolName`piston`~~0~gge1e4ac66c0f7b1d6d~4c8f982a0ee94762af064821fc3ca672~10cc1d0efde54d6e95d7df439934720d~0~054b487ec6285bf9~yes~yes~~~#@$T~N~410.0625~-353.34375~0~#000080~Arial~~~~~comment~piston~1~start~gge166~0~pinpart#@$T~P~410.0703125~-362.328125~0~#000080~Arial~~~~~comment~U4~1~start~gge168~0~pinpart#@$PL~380 -340 490 -340 490 -320 370 -320 370 -340 380 -340 390 -340 390 -330~#000000~1~0~none~gge170~0#@$P~show~0~1~370~-340~~gge171~0^^370~-340^^M 370 -340 h -20~#880000^^1~348~-337~0~1~end~~~#0000FF^^1~355~-341~0~1~start~~~#0000FF^^0~353~-340^^0~M 350 -343 L 347 -340 L 350 -337"
        ],
        "BBox": {
          "x": 337.1,
          "y": -495.7,
          "width": 157.9,
          "height": 175.7
        },
        "colors": {}
      }
    }
  ]
}