{
  "editorVersion": "6.5.8",
  "docType": "5",
  "title": "DFPlayer_10",
  "description": "",
  "colors": {},
  "schematics": [
    {
      "docType": "1",
      "title": "DFPlayer_10",
      "description": "",
      "dataStr": {
        "head": {
          "docType": "1",
          "editorVersion": "6.5.8",
          "newgId": true,
          "c_para": {
            "Prefix Start": "1"
          },
          "c_spiceCmd": "null",
          "hasIdFlag": true,
          "uuid": "bc828fd982c64af09734bb64f55ce955",
          "x": "0",
          "y": "0",
          "portOfADImportHack": "",
          "importFlag": 0,
          "transformList": ""
        },
        "canvas": "CA~1000~1000~#FFFFFF~yes~#CCCCCC~5~1000~1000~line~5~pixel~5~0~0",
        "shape": [
          "LIB~170~-295~package`R1210`BOM_Supplier`LCSC`BOM_Supplier Part`C230004`BOM_Manufacturer`YAGEO`BOM_Manufacturer Part`AC1210FR-07100KL`nameAlias`Resistance (Ohms)`Contributor`LCSC`BOM_JLCPCB Part Class`Extended Part`spicePre`R`spiceSymbolName`AC1210FR-07100KL`~~0~ggeede596b951cc4961~8d980e0cb4b8404e96542d2888a244bd~b233d77b76794000887f8f23e97bdd69~0~1a94a2d9240b61fa~yes~yes~~~#@$T~N~164.03~-303~0~#000080~Arial~~~~~comment~100K~1~start~gge244~0~pinpart#@$T~P~164.04~-312.09~0~#000080~Arial~~~~~comment~R1~1~start~gge246~0~pinpart#@$R~160~-300~~~20~10~#A00000~1~0~none~gge248~0~#@$P~show~0~2~190~-295~0~gge249~0^^190~-295^^M 180 -295 h 10~#800^^0~176~-295~0~2~end~~~#800^^0~184~-299~0~2~start~~~#800^^0~203~-295^^0~M 200 -298 L 197 -295 L 200 -292#@$P~show~0~1~150~-295~180~gge256~0^^150~-295^^M 160 -295 h -10~#800^^0~164~-295~0~1~start~~~#800^^0~156~-299~0~1~end~~~#800^^0~137~-295^^0~M 140 -292 L 143 -295 L 140 -298",
          "LIB~1065~-320~package`USB-B-TH_U241-041N-1BR85-1`BOM_Supplier`LCSC`BOM_Supplier Part`C397338`BOM_Manufacturer`XKB Enterprise`BOM_Manufacturer Part`U241-041N-1BR85-1`Contributor`LCSC`BOM_LCSC Assembly`Yes`SMT Type`Extend`BOM_Paste Type`expand`spicePre`U`spiceSymbolName`U241-041N-1BR85-1`Package Display`No`~~0~gged0b247030fcbb0ba~6e54462898c3480a8dbffeb5d03e2909~e90701b7629a4535aaa35140f9fa4e4f~0~ed913686cb01924c~yes~yes~~~#@$T~N~1052.81~-353.3~0~#000080~Arial~~~~~comment~U241-041N-1BR85-1~1~start~gge265~0~pinpart#@$T~P~1052.82~-362.42~0~#000080~Arial~~~~~comment~USB1~1~start~gge267~0~pinpart#@$P~show~0~6~1025~-310~180~gge269~0^^1025~-310^^M 1025 -310 h 20~#880000^^0~1047~-307~0~SH2~start~~~#0000FF^^1~1040~-311~0~6~end~~~#0000FF^^0~1042~-310^^0~M 1045 -307 L 1048 -310 L 1045 -313#@$P~show~0~5~1025~-340~180~gge276~0^^1025~-340^^M 1025 -340 h 20~#880000^^0~1047~-337~0~SH1~start~~~#0000FF^^1~1040~-341~0~5~end~~~#0000FF^^0~1042~-340^^0~M 1045 -337 L 1048 -340 L 1045 -343#@$P~show~1~4~1105~-310~0~gge283~0^^1105~-310^^M 1105 -310 h -20~#000000^^1~1080~-307~0~GND~end~~~#000000^^1~1090~-311~0~4~start~~~#000000^^0~1088~-310^^0~M 1085 -313 L 1082 -310 L 1085 -307#@$P~show~1~3~1105~-320~0~gge290~0^^1105~-320^^M 1105 -320 h -20~#880000^^1~1080~-317~0~D+~end~~~#0000FF^^1~1090~-321~0~3~start~~~#0000FF^^0~1088~-320^^0~M 1085 -323 L 1082 -320 L 1085 -317#@$P~show~1~2~1105~-330~0~gge297~0^^1105~-330^^M 1105 -330 h -20~#880000^^1~1080~-327~0~D-~end~~~#0000FF^^1~1090~-331~0~2~start~~~#0000FF^^0~1088~-330^^0~M 1085 -333 L 1082 -330 L 1085 -327#@$P~show~1~1~1105~-340~0~gge304~0^^1105~-340^^M 1105 -340 h -20~#FF0000^^1~1080~-337~0~VCC~end~~~#FF0000^^1~1090~-341~0~1~start~~~#FF0000^^0~1088~-340^^0~M 1085 -343 L 1082 -340 L 1085 -337#@$R~1045~-350~1~1~40~50~#880000~1~0~none~gge311~0~",
          "W~1205 -85 1160 -85 1160 -125 1110 -125 1110 -115 1120 -115~#008800~1~0~none~gge312~0",
          "LIB~1315~-320~package`BATTERY_18650-HOLDER_CS_2`description`Battery Holders`Contributor`cephaswang`BOM_Supplier Part``BOM_Supplier``spicePre`B`spiceSymbolName`BATTERY18650_CS`BOM_Manufacturer Part``link`https://detail.tmall.com/item.htm?spm=a230r.1.14.9.22502993doP1oE&id=574814401165&cm_id=140105335569ed55e27b&abbucket=19&skuId=3767248761399`~~0~gge6fd3862e035a6c24~61a616f156044a9a8643fb1c1b3070de~95e58bb829164eb683118569b7d95908~0~4495252eeb996455~yes~yes~~~#@$T~N~1303.69~-338~0~#000080~Arial~~~~~comment~BATTERY18650_CS~1~start~gge315~0~pinpart#@$T~P~1303.69~-347~0~#000080~Arial~~~~~comment~BAT1~1~start~gge317~0~pinpart#@$PL~1310 -335 1310 -305~#8D2323~2~0~none~gge319~0#@$PL~1315 -325 1315 -315~#8D2323~2~0~none~gge320~0#@$PL~1320 -335 1320 -305~#8D2323~2~0~none~gge321~0#@$PL~1325 -325 1325 -315~#8D2323~2~0~none~gge322~0#@$PL~1305 -320 1309 -320~#8D2323~1~0~none~gge323~0#@$P~show~4~GND@1~1335~-320~0~gge324~0^^1335~-320^^M 1335 -320 h -10~#8D2323^^0~1322~-317~0~-~end~~~#8D2323^^0~1331~-321~0~GND@1~start~~~#8D2323^^0~1328~-320^^0~M 1325 -323 L 1322 -320 L 1325 -317#@$P~show~4~PWR@1~1295~-320~180~gge331~0^^1295~-320^^M 1295 -320 h 10~#8D2323^^0~1308~-317~0~+~start~~~#8D2323^^0~1299~-321~0~PWR@1~end~~~#8D2323^^0~1302~-320^^0~M 1305 -317 L 1308 -320 L 1305 -323",
          "F~part_netLabel_netPort~480~-485~0~gge360~~0^^480~-485^^U2-EN~#0000FF~428.62~-481.3~0~start~1~Times New Roman~8pt~flag_gge7^^PL~480 -485 475 -480 460 -480 460 -490 475 -490 480 -485~#0000FF~1~0~transparent~gge364~0",
          "W~625 -505 610 -505~#008800~1~0~none~gge365~0",
          "F~part_netLabel_gnD~700~-485~270~gge402~~0^^700~-485^^GND~#000000~657.5~-481~0~start~1~Times New Roman~9pt~flag_gge10^^PL~690 -485 700 -485~#000000~1~0~transparent~gge406~0^^PL~690 -494 690 -476~#000000~1~0~transparent~gge407~0^^PL~688 -491 688 -479~#000000~1~0~transparent~gge408~0^^PL~686 -488 686 -482~#000000~1~0~transparent~gge409~0^^PL~684 -486 684 -484~#000000~1~0~transparent~gge410~0",
          "LIB~645~-505~package`R1210`BOM_Supplier`LCSC`BOM_Manufacturer`UniOhm`BOM_Manufacturer Part`1210W3F1001T5E`nameAlias`Resistance (Ohms)`BOM_Supplier Part`C52444`SMT Type`Extend`BOM_JLCPCB SMD`Yes`BOM_LCSC Assembly`Yes`spicePre`R`spiceSymbolName`1210W3F1001T5E`Package Display`No`BOM_link`https://item.taobao.com/item.htm?spm=a312a.7700824.w4002-22706186256.10.4139570fzmvoHx&id=601885774513`~~0~gge43c7e29aa91cfa4d~c9096ef99b8540f5a8207dff5e428311~e2613afd226bc56b21e424c0b426d456~0~ca3af25aad654230~yes~yes~~~#@$T~N~639.03~-512~0~#000080~Arial~~~~~comment~1K~1~start~gge413~0~pinpart#@$T~P~639.03~-521.01~0~#000080~Arial~~~~~comment~R5~1~start~gge415~0~pinpart#@$P~show~1~2~665~-505~0~gge417~0^^665~-505^^M 665 -505 h -10~#000000^^0~650~-502~0~2~end~~~#000000^^0~660~-506~0~2~start~~~#000000^^0~658~-505^^0~M 655 -508 L 652 -505 L 655 -502#@$P~show~1~1~625~-505~180~gge424~0^^625~-505^^M 625 -505 h 10~#000000^^0~640~-502~0~1~start~~~#000000^^0~630~-506~0~1~end~~~#000000^^0~632~-505^^0~M 635 -502 L 638 -505 L 635 -508#@$R~635~-509~~~20~8~#880000~1~0~none~gge431~0~",
          "LIB~670~-495~package`R1210`BOM_Supplier`LCSC`BOM_Manufacturer`UniOhm`BOM_Manufacturer Part`1210W3F1001T5E`nameAlias`Resistance (Ohms)`BOM_Supplier Part`C52444`SMT Type`Extend`BOM_JLCPCB SMD`Yes`BOM_LCSC Assembly`Yes`spicePre`R`spiceSymbolName`1210W3F1001T5E`Package Display`No`BOM_link`https://item.taobao.com/item.htm?spm=a312a.7700824.w4002-22706186256.10.4139570fzmvoHx&id=601885774513`~~0~ggec116d687bce5418d~c9096ef99b8540f5a8207dff5e428311~e2613afd226bc56b21e424c0b426d456~0~b5b02c3be1fbd3e3~yes~yes~~~#@$T~N~664.03~-502~0~#000080~Arial~~~~~comment~1K~1~start~gge434~0~pinpart#@$T~P~664.03~-511.01~0~#000080~Arial~~~~~comment~R6~1~start~gge436~0~pinpart#@$P~show~1~2~690~-495~0~gge438~0^^690~-495^^M 690 -495 h -10~#000000^^0~675~-492~0~2~end~~~#000000^^0~685~-496~0~2~start~~~#000000^^0~683~-495^^0~M 680 -498 L 677 -495 L 680 -492#@$P~show~1~1~650~-495~180~gge445~0^^650~-495^^M 650 -495 h 10~#000000^^0~665~-492~0~1~start~~~#000000^^0~655~-496~0~1~end~~~#000000^^0~657~-495^^0~M 660 -492 L 663 -495 L 660 -498#@$R~660~-499~~~20~8~#880000~1~0~none~gge452~0~",
          "W~730 -505 665 -505~#008800~1~0~none~gge453~0",
          "W~650 -495 610 -495~#008800~1~0~none~gge454~0",
          "W~730 -495 690 -495~#008800~1~0~none~gge455~0",
          "F~part_netLabel_netPort~730~-475~0~gge456~~0^^730~-475^^VIN~#0000FF~689.54~-470~0~start~1~Times New Roman~8pt~flag_gge13^^PL~730 -475 725 -470 710 -470 710 -480 725 -480 730 -475~#0000FF~1~0~transparent~gge460~0",
          "W~110 -255 95 -255~#008800~1~0~none~gge543~0",
          "LIB~130~-295~package`RV17-K2 B10`BOM_Manufacturer``BOM_Manufacturer Part``BOM_Supplier Part``BOM_Supplier``link`https://item.taobao.com/item.htm?spm=2013.1.1997525049.2.387c75b1mpazmd&id=600827000583`Contributor`cephaswang`spicePre`U`spiceSymbolName`w148_sw`Package Display`Yes`~180~0~ggef78cfaf87f04a09f~f07a518cad5249e19cc364c44d5ee419~cd5a00201f554583aa8ee4683cc0b7fc~0~9d29081aa0311802~yes~yes~~~#@$T~N~108~-320~0~#000080~Arial~~~~~comment~w148_sw~1~start~gge546~0~pinpart#@$T~P~108~-328.84~0~#000080~Arial~~~~~comment~U4~1~start~gge548~0~pinpart#@$PL~119.71 -295.21 121.71 -299.21~#8D2323~1~0~none~gge550~0#@$PL~121.71 -299.21 123.71 -291.21~#8D2323~1~0~none~gge551~0#@$PL~123.71 -291.21 126.71 -299.21~#8D2323~1~0~none~gge552~0#@$PL~126.71 -299.21 128.71 -291.21~#8D2323~1~0~none~gge553~0#@$PL~128.71 -291.21 130.71 -299.21~#8D2323~1~0~none~gge554~0#@$PL~130.71 -299.21 133.71 -291.21~#8D2323~1~0~none~gge555~0#@$PL~133.71 -291.21 135.71 -299.21~#8D2323~1~0~none~gge556~0#@$PL~135.71 -299.21 138.71 -291.21~#8D2323~1~0~none~gge557~0#@$PL~138.71 -291.21 139.71 -295.21~#8D2323~1~0~none~gge558~0#@$PL~129.71 -305.21 129.71 -301.21~#880000~1~0~none~gge559~0#@$P~show~0~3~110~-295~180~gge560~0^^110~-295^^M 110 -295 h 10~#8D2323^^0~123.71~-291.79~0~3~start~~~#8D2323^^1~115.71~-295.79~0~3~end~~~#0000FF^^0~117~-295^^0~M 120 -292 L 123 -295 L 120 -298#@$P~show~0~1~150~-295~0~gge567~0^^150~-295^^M 150 -295 h -10~#8D2323^^0~157~-294~0~1~end~~~#8D2323^^1~143.71~-295.79~0~1~start~~~#0000FF^^0~143~-295^^0~M 140 -298 L 137 -295 L 140 -292#@$PG~127.71 -305.21 129.71 -301.21 131.71 -305.21~#880000~1~0~none~gge574~0#@$E~140.71~-298.21~1~1~#A00000~1~0~none~gge575~0#@$P~show~0~2~130~-315~90~gge576~0^^130~-315^^M 130 -315 v 10~#880000^^0~133.29~-303.21~270~2~end~~~#0000FF^^1~129.29~-310.21~270~2~start~~~#0000FF^^0~130~-308^^0~M 127 -305 L 130 -302 L 133 -305#@$PL~110 -275 110 -275 122 -275 119 -274~#880000~1~0~none~gge583~0#@$P~show~0~5~110~-255~270~gge584~0^^110~-255^^M 110 -255 v -20~#880000^^0~113~-277~270~5~start~~~#0000FF^^1~109~-270~270~5~end~~~#0000FF^^0~110~-272^^0~M 113 -275 L 110 -278 L 107 -275#@$PL~150 -270 150 -285 131 -285 131 -278 135 -270~#880000~1~0~none~gge591~0#@$PL~122 -275 119 -276~#880000~1~0~none~gge592~0#@$P~show~0~4~150~-255~270~gge593~0^^150~-255^^M 150 -255 v -20~#880000^^0~153~-276~270~4~start~~~#0000FF^^1~149~-270~270~4~end~~~#0000FF^^0~150~-272^^0~M 153 -275 L 150 -278 L 147 -275#@$T~PK~101.23~-242.48~0~#000080~Arial~~~~~comment~RV17-K2 B10~1~start~gge600~0~pinpart",
          "W~100 -295 110 -295~#008800~1~0~none~gge603~0",
          "F~part_netLabel_VCC~190~-295~270~gge605~~0^^190~-295^^3V3~#000000~202.8~-290.92~0~start~1~Times New Roman~9pt~flag_gge16^^PL~200 -295 190 -295~#000000~1~0~transparent~gge609~0^^PL~200 -300 200 -290~#000000~1~0~transparent~gge610~0",
          "F~part_netLabel_netPort~95~-255~0~gge611~~0^^95~-255^^VIN~#0000FF~54.55~-250~0~~1~Times New Roman~8pt~flag_gge19^^PL~95 -255 90 -250 75 -250 75 -260 90 -260 95 -255~#0000FF~1~0~transparent~gge615~0",
          "LIB~325~-285~package`SOT-223-3_L6.5-W3.4-P2.30-LS7.0-BR`sourceId`dwIGgezVh`timeStamp`1476261164`BOM_Supplier`LCSC`BOM_Manufacturer`AMS`BOM_Manufacturer Part`AMS1117-3.3`image`//image.lceda.cn/szlcsc/C6186.jpg`BOM_Supplier Part`C6186`SMT Type`Basic`BOM_JLCPCB SMD`Yes`BOM_LCSC Assembly`Yes`BOM_Paste Type`base`spicePre`U`spiceSymbolName`AMS1117-3.3`Package Display`No`BOM_link`https://item.taobao.com/item.htm?spm=a312a.7700824.w4002-22706186256.10.3433570f2SnVmA&id=601885570358`~90~0~gge32afdd8c92c3391c~9082a541b5494ed9bac7de7d69bd2f2d~588dac9f81df8f83843513972963b454~0~11e981ea24b24213~yes~yes~~~#@$T~N~347~-272.66~0~#000080~Arial~~~~~comment~AMS1117-3.3~1~start~gge618~0~pinpart#@$T~P~347~-281.79~0~#000080~Arial~~~~~comment~U5~1~start~gge620~0~pinpart#@$R~305~-320~2~2~40~70~#880000~1~0~none~gge622~0~#@$E~310~-255~1.5~1.5~#880000~1~0~#880000~gge623~0#@$P~show~0~1~315~-240~270~gge624~0^^315~-240^^M 315 -240 v -10~#000000^^1~319~-253.7~270~GND/ADJ~start~~~#000000^^1~314~-249.5~270~1~end~~~#000000^^0~315~-247^^0~M 318 -250 L 315 -253 L 312 -250#@$P~show~0~2~325~-240~270~gge631~0^^325~-240^^M 325 -240 v -10~#880000^^1~329~-253.7~270~Vout~start~~~#0000FF^^1~324~-249.5~270~2~end~~~#0000FF^^0~325~-247^^0~M 328 -250 L 325 -253 L 322 -250#@$P~show~0~3~335~-240~270~gge638~0^^335~-240^^M 335 -240 v -10~#880000^^1~339~-253.7~270~Vin~start~~~#0000FF^^1~334~-249.5~270~3~end~~~#0000FF^^0~335~-247^^0~M 338 -250 L 335 -253 L 332 -250#@$P~show~0~4~325~-330~90~gge645~0^^325~-330^^M 325 -330 v 10~#880000^^1~329~-316.3~270~Vout~end~~~#0000FF^^1~324~-320.5~270~4~start~~~#0000FF^^0~325~-323^^0~M 322 -320 L 325 -317 L 328 -320",
          "F~part_netLabel_VCC~240~-230~0~gge652~~0^^240~-230^^5V~#000000~232.73~-243.35~0~start~1~Times New Roman~9pt~flag_gge22^^PL~240 -240 240 -230~#000000~1~0~transparent~gge656~0^^PL~235 -240 245 -240~#000000~1~0~transparent~gge657~0",
          "W~150 -255 150 -230 240 -230~#008800~1~0~none~gge658~0",
          "W~325 -330 395 -330 395 -205~#008800~1~0~none~gge659~0",
          "F~part_netLabel_VCC~395~-205~270~gge660~~0^^395~-205^^3V3~#000000~405.5~-200.8~0~start~1~Times New Roman~9pt~flag_gge25^^PL~405 -205 395 -205~#000000~1~0~transparent~gge664~0^^PL~405 -210 405 -200~#000000~1~0~transparent~gge665~0",
          "W~325 -240 325 -205 395 -205 395 -155~#008800~1~0~none~gge666~0",
          "LIB~395~-135~package`C1210`BOM_Supplier`LCSC`BOM_Manufacturer`HEC`BOM_Manufacturer Part`C1210X106K050T`nameAlias`Capacitance`Contributor`LCSC`BOM_Supplier Part`C172721`spicePre`C`spiceSymbolName`C1210X106K050T`Package Display`Yes`~90~0~gge1fa7ce67f78c4e11~87afe36a98a54c1e9245294679915281~06f604be720a4022b4d6115566c466ff~0~52351afa23049138~yes~yes~~~#@$T~N~405~-122.81~0~#000080~Arial~~~~~comment~10uF~1~start~gge669~0~pinpart#@$T~P~405~-131.66~0~#000080~Arial~~~~~comment~C4~1~start~gge671~0~pinpart#@$PL~387 -137 403 -137~#A00000~1~0~none~gge673~0#@$P~show~0~1~395~-155~90~gge674~0^^395~-155^^M 395 -145 v -10~#800^^0~395~-141~270~1~end~~~#800^^0~391~-149~270~1~start~~~#800^^0~395~-168^^0~M 392 -165 L 395 -162 L 398 -165#@$PL~395 -125 395 -133~#A00000~1~0~none~gge681~0#@$PL~403 -133 387 -133~#A00000~1~0~none~gge682~0#@$P~show~0~2~395~-115~270~gge683~0^^395~-115^^M 395 -125 v 10~#800^^0~395~-129~270~2~start~~~#800^^0~391~-121~270~2~end~~~#800^^0~395~-102^^0~M 398 -105 L 395 -108 L 392 -105#@$PL~395 -137 395 -145~#A00000~1~0~none~gge690~0#@$T~PK~387~-103~0~#000080~Arial~~~~~comment~C1210~1~start~gge691~0~pinpart",
          "LIB~240~-185~package`C1210`BOM_Supplier`LCSC`BOM_Manufacturer`HEC`BOM_Manufacturer Part`C1210X106K050T`nameAlias`Capacitance`Contributor`LCSC`BOM_Supplier Part`C172721`spicePre`C`spiceSymbolName`C1210X106K050T`Package Display`Yes`BOM_link`https://item.taobao.com/item.htm?spm=a312a.7700824.w4002-22706186256.10.22e3570f5qotFx&id=599463291174`~90~0~gge31d830a580936012~87afe36a98a54c1e9245294679915281~06f604be720a4022b4d6115566c466ff~0~285a7802545d8463~yes~yes~~~#@$T~N~250~-172.66~0~#000080~Arial~~~~~comment~10uF~1~start~gge695~0~pinpart#@$T~P~250.72~-181.79~0~#000080~Arial~~~~~comment~C3~1~start~gge697~0~pinpart#@$PL~232 -187 248 -187~#A00000~1~0~none~gge699~0#@$P~show~0~1~240~-205~90~gge700~0^^240~-205^^M 240 -195 v -10~#800^^0~240~-191~270~1~end~~~#800^^0~236~-199~270~1~start~~~#800^^0~240~-218^^0~M 237 -215 L 240 -212 L 243 -215#@$PL~240 -175 240 -183~#A00000~1~0~none~gge707~0#@$PL~248 -183 232 -183~#A00000~1~0~none~gge708~0#@$P~show~0~2~240~-165~270~gge709~0^^240~-165^^M 240 -175 v 10~#800^^0~240~-179~270~2~start~~~#800^^0~236~-171~270~2~end~~~#800^^0~240~-152^^0~M 243 -155 L 240 -158 L 237 -155#@$PL~240 -187 240 -195~#A00000~1~0~none~gge716~0#@$T~PK~251.26~-161.75~0~#000080~Arial~~~~~comment~C1210~1~start~gge717~0~pinpart",
          "W~335 -240 335 -230 240 -230~#008800~1~0~none~gge719~0",
          "W~315 -240 315 -80~#008800~1~0~none~gge720~0",
          "F~part_netLabel_gnD~240~-80~0~gge721~~0^^240~-80^^GND~#000000~227~-54~0~start~1~Times New Roman~9pt~flag_gge28^^PL~240 -70 240 -80~#000000~1~0~transparent~gge725~0^^PL~231 -70 249 -70~#000000~1~0~transparent~gge726~0^^PL~234 -68 246 -68~#000000~1~0~transparent~gge727~0^^PL~237 -66 243 -66~#000000~1~0~transparent~gge728~0^^PL~239 -64 241 -64~#000000~1~0~transparent~gge729~0",
          "W~395 -115 395 -80 240 -80 240 -165~#008800~1~0~none~gge731~0",
          "W~240 -205 240 -230~#008800~1~0~none~gge732~0",
          "F~part_netLabel_gnD~100~-295~270~gge733~~0^^100~-295^^GND~#000000~50.51~-291.01~0~start~1~Times New Roman~9pt~flag_gge31^^PL~90 -295 100 -295~#000000~1~0~transparent~gge737~0^^PL~90 -304 90 -286~#000000~1~0~transparent~gge738~0^^PL~88 -301 88 -289~#000000~1~0~transparent~gge739~0^^PL~86 -298 86 -292~#000000~1~0~transparent~gge740~0^^PL~84 -296 84 -294~#000000~1~0~transparent~gge741~0",
          "F~part_netLabel_netPort~130~-315~270~gge742~~0^^130~-315^^U2-ADC~#0000FF~133.12~-337.4~270~start~1~Times New Roman~8pt~flag_gge34^^PL~130 -315 125 -320 125 -335 135 -335 135 -320 130 -315~#0000FF~1~0~transparent~gge746~0",
          "LIB~185~-135~package`SMB_L4.6-W3.6-LS5.3-BI`BOM_Supplier`LCSC`BOM_Supplier Part`C383713`BOM_Manufacturer`Bourne Semicon (Shenzhen)`BOM_Manufacturer Part`SMBJ6.8CA`Contributor`LCSC`SMT Type`Extend`BOM_JLCPCB SMD`Yes`BOM_LCSC Assembly`Yes`BOM_Paste Type`expand`spicePre`D`spiceSymbolName`SMBJ6.8CA_C383713`Package Display`No`~90~0~gge1bf4ac943671c3ef~2df20b8592c1418bb806d41867ec78de~9615a738ea1b4c89a54d2f0074aa765c~0~7db998acd1305c81~yes~yes~~~#@$T~N~193~-122.83~0~#000080~Arial~~~~~comment~SMBJ6.8CA_C383713~1~start~gge749~0~pinpart#@$T~P~193~-131.83~0~#000080~Arial~~~~~comment~D4~1~start~gge751~0~pinpart#@$P~show~0~2~185~-155~90~gge753~0^^185~-155^^M 185 -155 v 10~#8D2323^^0~188~-142~270~2~end~~~#8D2323^^0~184~-146~270~2~start~~~#8D2323^^0~185~-148^^0~M 182 -145 L 185 -142 L 188 -145#@$P~show~0~1~185~-115~270~gge760~0^^185~-115^^M 185 -115 v -10~#8D2323^^0~188~-128~270~1~start~~~#8D2323^^0~184~-124~270~1~end~~~#8D2323^^0~185~-122^^0~M 188 -125 L 185 -128 L 182 -125#@$PG~180 -125 185 -135 190 -125~#880000~1~0~none~gge767~0#@$PG~180 -145 185 -135 190 -145~#880000~1~0~none~gge768~0#@$PL~179 -133 179 -133 179 -135 191 -135 191 -137 191 -137~#880000~1~0~none~gge769~0",
          "W~185 -155 185 -230~#008800~1~0~none~gge770~0",
          "W~185 -115 185 -80 240 -80~#008800~1~0~none~gge771~0",
          "F~part_netLabel_netPort~480~-505~0~gge773~~0^^480~-505^^U2-RT~#0000FF~429.55~-501.44~0~start~1~Times New Roman~8pt~flag_gge37^^PL~480 -505 475 -500 460 -500 460 -510 475 -510 480 -505~#0000FF~1~0~transparent~gge777~0",
          "LIB~1080~-655~package`RES-ARRAY-SMD_1206-8P-L5.1-W3.1-BL`BOM_Supplier`LCSC`BOM_Supplier Part`C183863`BOM_Manufacturer`Ever Ohms Tech`BOM_Manufacturer Part`CRA064RJ10KE04`nameAlias`Resistance (Ohms)`Contributor`LCSC`BOM_Paste Type`expand`spicePre`R`spiceSymbolName`CRA064RJ10KE04`~90~0~gge3ea7a9601d21f442~495959b074744118bc4a1bfb3e5817e1~9eaddf0fa6044fabad2bd5ba620c9ba7~0~679e388afeb74aa2~yes~yes~~~#@$T~N~1107~-643~0~#000080~Arial~~~~~comment~10K~1~start~gge780~0~pinpart#@$T~P~1107~-652~0~#000080~Arial~~~~~comment~RN1~1~start~gge782~0~pinpart#@$P~show~1~1~1065~-620~270~gge784~0^^1065~-620^^M 1065 -620 v -20~#000000^^0~1068~-645~270~1~start~~~#000000^^0~1064~-635~270~1~end~~~#000000^^0~1065~-637^^0~M 1068 -640 L 1065 -643 L 1062 -640#@$P~show~1~2~1075~-620~270~gge791~0^^1075~-620^^M 1075 -620 v -20~#000000^^0~1078~-645~270~2~start~~~#000000^^0~1074~-635~270~2~end~~~#000000^^0~1075~-637^^0~M 1078 -640 L 1075 -643 L 1072 -640#@$P~show~1~3~1085~-620~270~gge798~0^^1085~-620^^M 1085 -620 v -20~#000000^^0~1088~-645~270~3~start~~~#000000^^0~1084~-635~270~3~end~~~#000000^^0~1085~-637^^0~M 1088 -640 L 1085 -643 L 1082 -640#@$P~show~1~4~1095~-620~270~gge805~0^^1095~-620^^M 1095 -620 v -20~#000000^^0~1098~-645~270~4~start~~~#000000^^0~1094~-635~270~4~end~~~#000000^^0~1095~-637^^0~M 1098 -640 L 1095 -643 L 1092 -640#@$P~show~1~5~1095~-690~90~gge812~0^^1095~-690^^M 1095 -690 v 20~#000000^^0~1098~-665~270~5~end~~~#000000^^0~1094~-675~270~5~start~~~#000000^^0~1095~-673^^0~M 1092 -670 L 1095 -667 L 1098 -670#@$P~show~1~6~1085~-690~90~gge819~0^^1085~-690^^M 1085 -690 v 20~#000000^^0~1088~-665~270~6~end~~~#000000^^0~1084~-675~270~6~start~~~#000000^^0~1085~-673^^0~M 1082 -670 L 1085 -667 L 1088 -670#@$P~show~1~7~1075~-690~90~gge826~0^^1075~-690^^M 1075 -690 v 20~#000000^^0~1078~-665~270~7~end~~~#000000^^0~1074~-675~270~7~start~~~#000000^^0~1075~-673^^0~M 1072 -670 L 1075 -667 L 1078 -670#@$P~show~1~8~1065~-690~90~gge833~0^^1065~-690^^M 1065 -690 v 20~#000000^^0~1068~-665~270~8~end~~~#000000^^0~1064~-675~270~8~start~~~#000000^^0~1065~-673^^0~M 1062 -670 L 1065 -667 L 1068 -670#@$PL~1095 -640 1095 -646~#880000~1~0~none~gge840~0#@$PL~1055 -640 1105 -640~#880000~1~0~none~gge841~0#@$PL~1055 -670 1105 -670~#880000~1~0~none~gge842~0#@$PL~1065 -640 1065 -646~#880000~1~0~none~gge843~0#@$PL~1085 -640 1085 -646~#880000~1~0~none~gge844~0#@$PL~1055 -640 1055 -670~#880000~1~0~none~gge845~0#@$PL~1075 -640 1075 -646~#880000~1~0~none~gge846~0#@$PL~1063 -646 1063 -664~#880000~1~0~none~gge847~0#@$PL~1063 -646 1067 -646 1067 -664 1063 -664~#880000~1~0~none~gge848~0#@$PL~1073 -646 1073 -664~#880000~1~0~none~gge849~0#@$PL~1073 -646 1077 -646 1077 -664 1073 -664~#880000~1~0~none~gge850~0#@$PL~1083 -646 1083 -664~#880000~1~0~none~gge851~0#@$PL~1083 -646 1087 -646 1087 -664 1083 -664~#880000~1~0~none~gge852~0#@$PL~1093 -646 1093 -664~#880000~1~0~none~gge853~0#@$PL~1093 -646 1097 -646 1097 -664 1093 -664~#880000~1~0~none~gge854~0#@$PL~1065 -664 1065 -670~#880000~1~0~none~gge855~0#@$PL~1075 -664 1075 -670~#880000~1~0~none~gge856~0#@$PL~1085 -664 1085 -670~#880000~1~0~none~gge857~0#@$PL~1095 -664 1095 -670~#880000~1~0~none~gge858~0#@$PL~1105 -640 1105 -670~#880000~1~0~none~gge859~0",
          "F~part_netLabel_netPort~1085~-600~180~gge860~~0^^1085~-600^^U2-EN~#0000FF~1105.58~-596.5~0~start~1~Times New Roman~8pt~flag_gge40^^PL~1085 -600 1090 -605 1105 -605 1105 -595 1090 -595 1085 -600~#0000FF~1~0~transparent~gge864~0",
          "F~part_netLabel_VCC~1065~-690~90~gge865~~0^^1065~-690^^3V3~#000000~1033.831875~-685.994375~0~start~1~Times New Roman~9pt~flag_gge43^^PL~1055 -690 1065 -690~#000000~1~0~transparent~gge869~0^^PL~1055 -685 1055 -695~#000000~1~0~transparent~gge870~0",
          "W~1120 -535 1120 -545 1075 -545 1075 -620~#008800~1~0~none~gge872~0",
          "F~part_netLabel_netPort~1075~-575~180~gge873~~0^^1075~-575^^U2-RT~#0000FF~1096.61~-571.42~0~start~1~Times New Roman~8pt~flag_gge46^^PL~1075 -575 1080 -580 1095 -580 1095 -570 1080 -570 1075 -575~#0000FF~1~0~transparent~gge877~0",
          "F~part_netLabel_netPort~1065~-590~0~gge880~~0^^1065~-590^^U2-0~#0000FF~1022.13~-586.07~0~start~1~Times New Roman~8pt~flag_gge49^^PL~1065 -590 1060 -585 1045 -585 1045 -595 1060 -595 1065 -590~#0000FF~1~0~transparent~gge884~0",
          "W~1085 -690 1065 -690~#008800~1~0~none~gge885~0",
          "F~part_netLabel_gnD~1075~-445~0~gge886~~0^^1075~-445^^GND~#000000~1062~-416~0~start~1~Times New Roman~9pt~flag_gge52^^PL~1075 -435 1075 -445~#000000~1~0~transparent~gge890~0^^PL~1066 -435 1084 -435~#000000~1~0~transparent~gge891~0^^PL~1069 -433 1081 -433~#000000~1~0~transparent~gge892~0^^PL~1072 -431 1078 -431~#000000~1~0~transparent~gge893~0^^PL~1074 -429 1076 -429~#000000~1~0~transparent~gge894~0",
          "W~1040 -535 1040 -545 1065 -545 1065 -620~#008800~1~0~none~gge896~0",
          "T~L~990~-490~0~#0000FF~~9pt~~~~comment~FLASH~1~start~gge898~0~pinpart",
          "LIB~690~-310~package`KEY-TH_4P-L12.0-W12.0-P5.00-LS13.4-EH_CS`BOM_Supplier`LCSC`BOM_Manufacturer`OMRON`BOM_Manufacturer Part`B3F-4055`BOM_Supplier Part`C84931`spicePre`K`spiceSymbolName`B3F-4055`Package Display`No`~270~0~gge98a28bfb547482c4~80b42e9df4f542dea3ced843d4ce2d0c~4a4ba7e5b7bdcbec3b4f971febea49b7~0~81f210be51a58a13~yes~yes~~~#@$T~N~704~-297.75~0~#000080~Arial~~~~~comment~B3F-4055~0~start~gge902~0~pinpart#@$T~P~704.01~-306.75~0~#000080~Arial~~~~~comment~KEY3~1~start~gge904~0~pinpart#@$E~687~-310~1~1~#880000~1~0~none~gge906~0#@$E~693~-310~1~1~#880000~1~0~none~gge907~0#@$P~show~0~3~700~-290~270~gge908~0^^700~-290^^M 700 -290 v -10~#880000^^0~703~-302~270~3~start~~~#0000FF^^1~699~-300~270~3~end~~~#0000FF^^0~700~-297^^0~M 703 -300 L 700 -303 L 697 -300#@$P~show~0~4~700~-330~90~gge915~0^^700~-330^^M 700 -330 v 10~#880000^^0~703~-318~270~4~end~~~#0000FF^^1~699~-320~270~4~start~~~#0000FF^^0~700~-323^^0~M 697 -320 L 700 -317 L 703 -320#@$P~show~0~2~680~-290~270~gge922~0^^680~-290^^M 680 -290 v -10~#880000^^0~683~-302~270~2~start~~~#0000FF^^1~679~-300~270~2~end~~~#0000FF^^0~680~-297^^0~M 683 -300 L 680 -303 L 677 -300#@$P~show~0~1~680~-330~90~gge929~0^^680~-330^^M 680 -330 v 10~#880000^^0~683~-318~270~1~end~~~#0000FF^^1~679~-320~270~1~start~~~#0000FF^^0~680~-323^^0~M 677 -320 L 680 -317 L 683 -320#@$PL~686 -315 693 -311~#880000~1~0~none~gge936~0#@$PL~684 -310 687 -310~#880000~1~0~none~gge937~0#@$PL~700 -310 693 -310~#880000~1~0~none~gge938~0#@$PL~680 -310 684 -310~#880000~1~0~none~gge939~0#@$PL~700 -320 700 -300~#880000~1~0~none~gge940~0#@$PL~680 -320 680 -300~#880000~1~0~none~gge941~0",
          "LIB~630~-310~package`KEY-TH_4P-L12.0-W12.0-P5.00-LS13.4-EH_CS`BOM_Supplier`LCSC`BOM_Manufacturer`OMRON`BOM_Manufacturer Part`B3F-4055`BOM_Supplier Part`C84931`spicePre`K`spiceSymbolName`B3F-4055`Package Display`No`~270~0~gge82078f83ecc90fac~80b42e9df4f542dea3ced843d4ce2d0c~4a4ba7e5b7bdcbec3b4f971febea49b7~0~b4728134cd757f66~yes~yes~~~#@$T~N~644~-297.75~0~#000080~Arial~~~~~comment~B3F-4055~0~start~gge944~0~pinpart#@$T~P~644.01~-306.75~0~#000080~Arial~~~~~comment~KEY2~1~start~gge946~0~pinpart#@$E~627~-310~1~1~#880000~1~0~none~gge948~0#@$E~633~-310~1~1~#880000~1~0~none~gge949~0#@$P~show~0~3~640~-290~270~gge950~0^^640~-290^^M 640 -290 v -10~#880000^^0~643~-302~270~3~start~~~#0000FF^^1~639~-300~270~3~end~~~#0000FF^^0~640~-297^^0~M 643 -300 L 640 -303 L 637 -300#@$P~show~0~4~640~-330~90~gge957~0^^640~-330^^M 640 -330 v 10~#880000^^0~643~-318~270~4~end~~~#0000FF^^1~639~-320~270~4~start~~~#0000FF^^0~640~-323^^0~M 637 -320 L 640 -317 L 643 -320#@$P~show~0~2~620~-290~270~gge964~0^^620~-290^^M 620 -290 v -10~#880000^^0~623~-302~270~2~start~~~#0000FF^^1~619~-300~270~2~end~~~#0000FF^^0~620~-297^^0~M 623 -300 L 620 -303 L 617 -300#@$P~show~0~1~620~-330~90~gge971~0^^620~-330^^M 620 -330 v 10~#880000^^0~623~-318~270~1~end~~~#0000FF^^1~619~-320~270~1~start~~~#0000FF^^0~620~-323^^0~M 617 -320 L 620 -317 L 623 -320#@$PL~626 -315 633 -311~#880000~1~0~none~gge978~0#@$PL~624 -310 627 -310~#880000~1~0~none~gge979~0#@$PL~640 -310 633 -310~#880000~1~0~none~gge980~0#@$PL~620 -310 624 -310~#880000~1~0~none~gge981~0#@$PL~640 -320 640 -300~#880000~1~0~none~gge982~0#@$PL~620 -320 620 -300~#880000~1~0~none~gge983~0",
          "LIB~565~-310~package`KEY-TH_4P-L12.0-W12.0-P5.00-LS13.4-EH_CS`BOM_Supplier`LCSC`BOM_Manufacturer`OMRON`BOM_Manufacturer Part`B3F-4055`BOM_Supplier Part`C84931`spicePre`K`spiceSymbolName`B3F-4055`Package Display`No`~270~0~ggee8b24e353708beff~80b42e9df4f542dea3ced843d4ce2d0c~4a4ba7e5b7bdcbec3b4f971febea49b7~0~e7b26e894f340ef7~yes~yes~~~#@$T~N~579~-297.75~0~#000080~Arial~~~~~comment~B3F-4055~0~start~gge986~0~pinpart#@$T~P~579.01~-306.75~0~#000080~Arial~~~~~comment~KEY1~1~start~gge988~0~pinpart#@$E~562~-310~1~1~#880000~1~0~none~gge990~0#@$E~568~-310~1~1~#880000~1~0~none~gge991~0#@$P~show~0~3~575~-290~270~gge992~0^^575~-290^^M 575 -290 v -10~#880000^^0~578~-302~270~3~start~~~#0000FF^^1~574~-300~270~3~end~~~#0000FF^^0~575~-297^^0~M 578 -300 L 575 -303 L 572 -300#@$P~show~0~4~575~-330~90~gge999~0^^575~-330^^M 575 -330 v 10~#880000^^0~578~-318~270~4~end~~~#0000FF^^1~574~-320~270~4~start~~~#0000FF^^0~575~-323^^0~M 572 -320 L 575 -317 L 578 -320#@$P~show~0~2~555~-290~270~gge1006~0^^555~-290^^M 555 -290 v -10~#880000^^0~558~-302~270~2~start~~~#0000FF^^1~554~-300~270~2~end~~~#0000FF^^0~555~-297^^0~M 558 -300 L 555 -303 L 552 -300#@$P~show~0~1~555~-330~90~gge1013~0^^555~-330^^M 555 -330 v 10~#880000^^0~558~-318~270~1~end~~~#0000FF^^1~554~-320~270~1~start~~~#0000FF^^0~555~-323^^0~M 552 -320 L 555 -317 L 558 -320#@$PL~561 -315 568 -311~#880000~1~0~none~gge1020~0#@$PL~559 -310 562 -310~#880000~1~0~none~gge1021~0#@$PL~575 -310 568 -310~#880000~1~0~none~gge1022~0#@$PL~555 -310 559 -310~#880000~1~0~none~gge1023~0#@$PL~575 -320 575 -300~#880000~1~0~none~gge1024~0#@$PL~555 -320 555 -300~#880000~1~0~none~gge1025~0",
          "LIB~760~-200~package`KEY-TH_4P-L12.0-W12.0-P5.00-LS13.4-EH_CS`BOM_Supplier`LCSC`BOM_Manufacturer`OMRON`BOM_Manufacturer Part`B3F-4055`BOM_Supplier Part`C84931`spicePre`K`spiceSymbolName`B3F-4055`Package Display`No`~270~0~gge9dd8c64d0c931109~80b42e9df4f542dea3ced843d4ce2d0c~4a4ba7e5b7bdcbec3b4f971febea49b7~0~09455816c0846d0c~yes~yes~~~#@$T~N~774~-187.75~0~#000080~Arial~~~~~comment~B3F-4055~0~start~gge1028~0~pinpart#@$T~P~774.01~-196.75~0~#000080~Arial~~~~~comment~KEY7~1~start~gge1030~0~pinpart#@$E~757~-200~1~1~#880000~1~0~none~gge1032~0#@$E~763~-200~1~1~#880000~1~0~none~gge1033~0#@$P~show~0~3~770~-180~270~gge1034~0^^770~-180^^M 770 -180 v -10~#880000^^0~773~-192~270~3~start~~~#0000FF^^1~769~-190~270~3~end~~~#0000FF^^0~770~-187^^0~M 773 -190 L 770 -193 L 767 -190#@$P~show~0~4~770~-220~90~gge1041~0^^770~-220^^M 770 -220 v 10~#880000^^0~773~-208~270~4~end~~~#0000FF^^1~769~-210~270~4~start~~~#0000FF^^0~770~-213^^0~M 767 -210 L 770 -207 L 773 -210#@$P~show~0~2~750~-180~270~gge1048~0^^750~-180^^M 750 -180 v -10~#880000^^0~753~-192~270~2~start~~~#0000FF^^1~749~-190~270~2~end~~~#0000FF^^0~750~-187^^0~M 753 -190 L 750 -193 L 747 -190#@$P~show~0~1~750~-220~90~gge1055~0^^750~-220^^M 750 -220 v 10~#880000^^0~753~-208~270~1~end~~~#0000FF^^1~749~-210~270~1~start~~~#0000FF^^0~750~-213^^0~M 747 -210 L 750 -207 L 753 -210#@$PL~756 -205 763 -201~#880000~1~0~none~gge1062~0#@$PL~754 -200 757 -200~#880000~1~0~none~gge1063~0#@$PL~770 -200 763 -200~#880000~1~0~none~gge1064~0#@$PL~750 -200 754 -200~#880000~1~0~none~gge1065~0#@$PL~770 -210 770 -190~#880000~1~0~none~gge1066~0#@$PL~750 -210 750 -190~#880000~1~0~none~gge1067~0",
          "LIB~630~-195~package`KEY-TH_4P-L12.0-W12.0-P5.00-LS13.4-EH_CS`BOM_Supplier`LCSC`BOM_Manufacturer`OMRON`BOM_Manufacturer Part`B3F-4055`BOM_Supplier Part`C84931`spicePre`K`spiceSymbolName`B3F-4055`Package Display`No`~270~0~gge6eab00a81b27967f~80b42e9df4f542dea3ced843d4ce2d0c~4a4ba7e5b7bdcbec3b4f971febea49b7~0~a0651e2c2ed4fd50~yes~yes~~~#@$T~N~644~-182.75~0~#000080~Arial~~~~~comment~B3F-4055~0~start~gge1070~0~pinpart#@$T~P~644.01~-191.75~0~#000080~Arial~~~~~comment~KEY6~1~start~gge1072~0~pinpart#@$E~627~-195~1~1~#880000~1~0~none~gge1074~0#@$E~633~-195~1~1~#880000~1~0~none~gge1075~0#@$P~show~0~3~640~-175~270~gge1076~0^^640~-175^^M 640 -175 v -10~#880000^^0~643~-187~270~3~start~~~#0000FF^^1~639~-185~270~3~end~~~#0000FF^^0~640~-182^^0~M 643 -185 L 640 -188 L 637 -185#@$P~show~0~4~640~-215~90~gge1083~0^^640~-215^^M 640 -215 v 10~#880000^^0~643~-203~270~4~end~~~#0000FF^^1~639~-205~270~4~start~~~#0000FF^^0~640~-208^^0~M 637 -205 L 640 -202 L 643 -205#@$P~show~0~2~620~-175~270~gge1090~0^^620~-175^^M 620 -175 v -10~#880000^^0~623~-187~270~2~start~~~#0000FF^^1~619~-185~270~2~end~~~#0000FF^^0~620~-182^^0~M 623 -185 L 620 -188 L 617 -185#@$P~show~0~1~620~-215~90~gge1097~0^^620~-215^^M 620 -215 v 10~#880000^^0~623~-203~270~1~end~~~#0000FF^^1~619~-205~270~1~start~~~#0000FF^^0~620~-208^^0~M 617 -205 L 620 -202 L 623 -205#@$PL~626 -200 633 -196~#880000~1~0~none~gge1104~0#@$PL~624 -195 627 -195~#880000~1~0~none~gge1105~0#@$PL~640 -195 633 -195~#880000~1~0~none~gge1106~0#@$PL~620 -195 624 -195~#880000~1~0~none~gge1107~0#@$PL~640 -205 640 -185~#880000~1~0~none~gge1108~0#@$PL~620 -205 620 -185~#880000~1~0~none~gge1109~0",
          "LIB~565~-195~package`KEY-TH_4P-L12.0-W12.0-P5.00-LS13.4-EH_CS`BOM_Supplier`LCSC`BOM_Manufacturer`OMRON`BOM_Manufacturer Part`B3F-4055`BOM_Supplier Part`C84931`spicePre`K`spiceSymbolName`B3F-4055`Package Display`No`~270~0~ggec690d676d538267a~80b42e9df4f542dea3ced843d4ce2d0c~4a4ba7e5b7bdcbec3b4f971febea49b7~0~a817f58909be3d06~yes~yes~~~#@$T~N~579~-182.75~0~#000080~Arial~~~~~comment~B3F-4055~0~start~gge1112~0~pinpart#@$T~P~579.01~-191.75~0~#000080~Arial~~~~~comment~KEY5~1~start~gge1114~0~pinpart#@$E~562~-195~1~1~#880000~1~0~none~gge1116~0#@$E~568~-195~1~1~#880000~1~0~none~gge1117~0#@$P~show~0~3~575~-175~270~gge1118~0^^575~-175^^M 575 -175 v -10~#880000^^0~578~-187~270~3~start~~~#0000FF^^1~574~-185~270~3~end~~~#0000FF^^0~575~-182^^0~M 578 -185 L 575 -188 L 572 -185#@$P~show~0~4~575~-215~90~gge1125~0^^575~-215^^M 575 -215 v 10~#880000^^0~578~-203~270~4~end~~~#0000FF^^1~574~-205~270~4~start~~~#0000FF^^0~575~-208^^0~M 572 -205 L 575 -202 L 578 -205#@$P~show~0~2~555~-175~270~gge1132~0^^555~-175^^M 555 -175 v -10~#880000^^0~558~-187~270~2~start~~~#0000FF^^1~554~-185~270~2~end~~~#0000FF^^0~555~-182^^0~M 558 -185 L 555 -188 L 552 -185#@$P~show~0~1~555~-215~90~gge1139~0^^555~-215^^M 555 -215 v 10~#880000^^0~558~-203~270~1~end~~~#0000FF^^1~554~-205~270~1~start~~~#0000FF^^0~555~-208^^0~M 552 -205 L 555 -202 L 558 -205#@$PL~561 -200 568 -196~#880000~1~0~none~gge1146~0#@$PL~559 -195 562 -195~#880000~1~0~none~gge1147~0#@$PL~575 -195 568 -195~#880000~1~0~none~gge1148~0#@$PL~555 -195 559 -195~#880000~1~0~none~gge1149~0#@$PL~575 -205 575 -185~#880000~1~0~none~gge1150~0#@$PL~555 -205 555 -185~#880000~1~0~none~gge1151~0",
          "LIB~745~-310~package`KEY-TH_4P-L12.0-W12.0-P5.00-LS13.4-EH_CS`BOM_Supplier`LCSC`BOM_Manufacturer`OMRON`BOM_Manufacturer Part`B3F-4055`BOM_Supplier Part`C84931`spicePre`K`spiceSymbolName`B3F-4055`Package Display`No`~270~0~gge6b08106fb2c39551~80b42e9df4f542dea3ced843d4ce2d0c~4a4ba7e5b7bdcbec3b4f971febea49b7~0~3e9a6f38db27b796~yes~yes~~~#@$T~N~759~-297.75~0~#000080~Arial~~~~~comment~B3F-4055~0~start~gge1154~0~pinpart#@$T~P~759.01~-306.75~0~#000080~Arial~~~~~comment~KEY4~1~start~gge1156~0~pinpart#@$E~742~-310~1~1~#880000~1~0~none~gge1158~0#@$E~748~-310~1~1~#880000~1~0~none~gge1159~0#@$P~show~0~3~755~-290~270~gge1160~0^^755~-290^^M 755 -290 v -10~#880000^^0~758~-302~270~3~start~~~#0000FF^^1~754~-300~270~3~end~~~#0000FF^^0~755~-297^^0~M 758 -300 L 755 -303 L 752 -300#@$P~show~0~4~755~-330~90~gge1167~0^^755~-330^^M 755 -330 v 10~#880000^^0~758~-318~270~4~end~~~#0000FF^^1~754~-320~270~4~start~~~#0000FF^^0~755~-323^^0~M 752 -320 L 755 -317 L 758 -320#@$P~show~0~2~735~-290~270~gge1174~0^^735~-290^^M 735 -290 v -10~#880000^^0~738~-302~270~2~start~~~#0000FF^^1~734~-300~270~2~end~~~#0000FF^^0~735~-297^^0~M 738 -300 L 735 -303 L 732 -300#@$P~show~0~1~735~-330~90~gge1181~0^^735~-330^^M 735 -330 v 10~#880000^^0~738~-318~270~1~end~~~#0000FF^^1~734~-320~270~1~start~~~#0000FF^^0~735~-323^^0~M 732 -320 L 735 -317 L 738 -320#@$PL~741 -315 748 -311~#880000~1~0~none~gge1188~0#@$PL~739 -310 742 -310~#880000~1~0~none~gge1189~0#@$PL~755 -310 748 -310~#880000~1~0~none~gge1190~0#@$PL~735 -310 739 -310~#880000~1~0~none~gge1191~0#@$PL~755 -320 755 -300~#880000~1~0~none~gge1192~0#@$PL~735 -320 735 -300~#880000~1~0~none~gge1193~0",
          "F~part_netLabel_gnD~610~-435~90~gge1194~~0^^610~-435^^GND~#000000~627.22~-431.08~0~start~1~Times New Roman~9pt~flag_gge55^^PL~620 -435 610 -435~#000000~1~0~transparent~gge1198~0^^PL~620 -426 620 -444~#000000~1~0~transparent~gge1199~0^^PL~622 -429 622 -441~#000000~1~0~transparent~gge1200~0^^PL~624 -432 624 -438~#000000~1~0~transparent~gge1201~0^^PL~626 -434 626 -436~#000000~1~0~transparent~gge1202~0",
          "F~part_netLabel_netPort~610~-455~180~gge1209~~0^^610~-455^^U2-2~#0000FF~631.26~-451.93~0~start~1~Times New Roman~8pt~flag_gge58^^PL~610 -455 615 -460 630 -460 630 -450 615 -450 610 -455~#0000FF~1~0~transparent~gge1213~0",
          "F~part_netLabel_netPort~610~-465~180~gge1214~~0^^610~-465^^U2-0~#0000FF~631.26~-461.93~0~start~1~Times New Roman~8pt~flag_gge61^^PL~610 -465 615 -470 630 -470 630 -460 615 -460 610 -465~#0000FF~1~0~transparent~gge1218~0",
          "F~part_netLabel_netPort~610~-475~180~gge1219~~0^^610~-475^^U2-4~#0000FF~631.26~-471.93~0~start~1~Times New Roman~8pt~flag_gge64^^PL~610 -475 615 -480 630 -480 630 -470 615 -470 610 -475~#0000FF~1~0~transparent~gge1223~0",
          "F~part_netLabel_netPort~610~-485~180~gge1224~~0^^610~-485^^U2-5~#0000FF~631.26~-481.93~0~start~1~Times New Roman~8pt~flag_gge67^^PL~610 -485 615 -490 630 -490 630 -480 615 -480 610 -485~#0000FF~1~0~transparent~gge1228~0",
          "F~part_netLabel_netPort~480~-495~0~gge1229~~0^^480~-495^^U2-ADC~#0000FF~418.96~-491.46~0~start~1~Times New Roman~8pt~flag_gge70^^PL~480 -495 475 -490 460 -490 460 -500 475 -500 480 -495~#0000FF~1~0~transparent~gge1233~0",
          "F~part_netLabel_netPort~480~-475~0~gge1234~~0^^480~-475^^U2-16~#0000FF~428.96~-471.46~0~start~1~Times New Roman~8pt~flag_gge73^^PL~480 -475 475 -470 460 -470 460 -480 475 -480 480 -475~#0000FF~1~0~transparent~gge1238~0",
          "F~part_netLabel_netPort~480~-465~0~gge1239~~0^^480~-465^^U2-14~#0000FF~428.96~-461.46~0~start~1~Times New Roman~8pt~flag_gge76^^PL~480 -465 475 -460 460 -460 460 -470 475 -470 480 -465~#0000FF~1~0~transparent~gge1243~0",
          "F~part_netLabel_netPort~480~-455~0~gge1244~~0^^480~-455^^U2-12~#0000FF~428.96~-451.46~0~start~1~Times New Roman~8pt~flag_gge79^^PL~480 -455 475 -450 460 -450 460 -460 475 -460 480 -455~#0000FF~1~0~transparent~gge1248~0",
          "F~part_netLabel_netPort~480~-445~0~gge1249~~0^^480~-445^^U2-13~#0000FF~428.96~-441.46~0~start~1~Times New Roman~8pt~flag_gge82^^PL~480 -445 475 -440 460 -440 460 -450 475 -450 480 -445~#0000FF~1~0~transparent~gge1253~0",
          "F~part_netLabel_netPort~610~-445~180~gge1254~~0^^610~-445^^U2-15~#0000FF~631.4~-441.93~0~start~1~Times New Roman~8pt~flag_gge85^^PL~610 -445 615 -450 630 -450 630 -440 615 -440 610 -445~#0000FF~1~0~transparent~gge1258~0",
          "W~165 -440 145 -440 145 -400 315 -400 315 -440~#008800~1~0~none~gge1422~0",
          "F~part_netLabel_VCC~165~-500~90~gge1423~~0^^165~-500^^5V~#000000~139.83~-495.8~0~start~1~Times New Roman~9pt~flag_gge88^^PL~155 -500 165 -500~#000000~1~0~transparent~gge1427~0^^PL~155 -495 155 -505~#000000~1~0~transparent~gge1428~0",
          "W~330 -440 275 -440~#008800~1~0~none~gge1429~0",
          "F~part_netLabel_gnD~330~-440~90~gge1430~~0^^330~-440^^GND~#000000~346.5~-435.84~0~start~1~Times New Roman~9pt~flag_gge91^^PL~340 -440 330 -440~#000000~1~0~transparent~gge1434~0^^PL~340 -431 340 -449~#000000~1~0~transparent~gge1435~0^^PL~342 -434 342 -446~#000000~1~0~transparent~gge1436~0^^PL~344 -437 344 -443~#000000~1~0~transparent~gge1437~0^^PL~346 -439 346 -441~#000000~1~0~transparent~gge1438~0",
          "W~340 -500 330 -500~#008800~1~0~none~gge1439~0",
          "W~165 -430 125 -430~#008800~1~0~none~gge1440~0",
          "W~165 -490 150 -490~#008800~1~0~none~gge1441~0",
          "W~290 -500 275 -500~#008800~1~0~none~gge1442~0",
          "LIB~310~-500~package`R1210`BOM_Supplier`LCSC`BOM_Manufacturer`UniOhm`BOM_Manufacturer Part`1210W3F2000T5E`nameAlias`Resistance (Ohms)`BOM_Supplier Part`C55914`SMT Type`Extend`BOM_JLCPCB SMD`Yes`BOM_LCSC Assembly`Yes`spicePre`R`spiceSymbolName`1210W3F2000T5E`Package Display`Yes`BOM_link`https://item.taobao.com/item.htm?spm=a312a.7700824.w4002-22706186256.13.278d570fzKoP2l&id=602078011139`~180~0~ggeb60189617cd9697f~c9096ef99b8540f5a8207dff5e428311~2b5ea7de4ac5c0ae7fd8028878f44039~0~9bcec63079380fd0~yes~yes~~~#@$T~N~304.03~-507~0~#000080~Arial~~~~~comment~200~1~start~gge1445~0~pinpart#@$T~P~304.03~-516.01~0~#000080~Arial~~~~~comment~R4~1~start~gge1447~0~pinpart#@$P~show~1~2~290~-500~180~gge1449~0^^290~-500^^M 290 -500 h 10~#000000^^0~305~-497~0~2~start~~~#000000^^0~295~-501~0~2~end~~~#000000^^0~297~-500^^0~M 300 -497 L 303 -500 L 300 -503#@$P~show~1~1~330~-500~0~gge1456~0^^330~-500^^M 330 -500 h -10~#000000^^0~315~-497~0~1~end~~~#000000^^0~325~-501~0~1~start~~~#000000^^0~323~-500^^0~M 320 -503 L 317 -500 L 320 -497#@$R~300~-504~~~20~8~#880000~1~0~none~gge1463~0~#@$T~PK~288~-485.33~0~#000080~Arial~~~~~comment~R1210~1~start~gge1464~0~pinpart",
          "LIB~130~-490~package`R1210`BOM_Supplier`LCSC`BOM_Manufacturer`UniOhm`BOM_Manufacturer Part`1210W3F1001T5E`nameAlias`Resistance (Ohms)`BOM_Supplier Part`C52444`SMT Type`Extend`BOM_JLCPCB SMD`Yes`BOM_LCSC Assembly`Yes`spicePre`R`spiceSymbolName`1210W3F1001T5E`Package Display`Yes`BOM_link`https://item.taobao.com/item.htm?spm=a312a.7700824.w4002-22706186256.10.4139570fzmvoHx&id=601885774513`~~0~gge4c18e9fd0ced6802~c9096ef99b8540f5a8207dff5e428311~e2613afd226bc56b21e424c0b426d456~0~f3d07f3476b32461~yes~yes~~~#@$T~N~124.03~-497~0~#000080~Arial~~~~~comment~1K~1~start~gge1468~0~pinpart#@$T~P~124.03~-506.01~0~#000080~Arial~~~~~comment~R3~1~start~gge1470~0~pinpart#@$P~show~1~2~150~-490~0~gge1472~0^^150~-490^^M 150 -490 h -10~#000000^^0~135~-487~0~2~end~~~#000000^^0~145~-491~0~2~start~~~#000000^^0~143~-490^^0~M 140 -493 L 137 -490 L 140 -487#@$P~show~1~1~110~-490~180~gge1479~0^^110~-490^^M 110 -490 h 10~#000000^^0~125~-487~0~1~start~~~#000000^^0~115~-491~0~1~end~~~#000000^^0~117~-490^^0~M 120 -487 L 123 -490 L 120 -493#@$R~120~-494~~~20~8~#880000~1~0~none~gge1486~0~#@$T~PK~108~-475.32~0~#000080~Arial~~~~~comment~R1210~1~start~gge1487~0~pinpart",
          "W~595 -40 605 -40 700 -40~#008800~1~0~none~gge1489~0",
          "F~part_netLabel_gnD~650~-40~0~gge1490~~0^^650~-40^^GND~#000000~637~-14~0~start~1~Times New Roman~9pt~flag_gge94^^PL~650 -30 650 -40~#000000~1~0~transparent~gge1494~0^^PL~641 -30 659 -30~#000000~1~0~transparent~gge1495~0^^PL~644 -28 656 -28~#000000~1~0~transparent~gge1496~0^^PL~647 -26 653 -26~#000000~1~0~transparent~gge1497~0^^PL~649 -24 651 -24~#000000~1~0~transparent~gge1498~0",
          "W~680 -290 680 -110~#008800~1~0~none~gge1499~0",
          "W~555 -160 555 -115 605 -115 605 -110~#008800~1~0~none~gge1500~0",
          "W~620 -290 620 -270 655 -270 655 -130 625 -130 625 -110~#008800~1~0~none~gge1501~0",
          "W~770 -130 690 -130 690 -110~#008800~1~0~none~gge1502~0",
          "W~735 -290 735 -110 700 -110~#008800~1~0~none~gge1503~0",
          "W~495 -120 495 -365 575 -365 575 -330~#008800~1~0~none~gge1504~0",
          "W~640 -330 640 -365 575 -365~#008800~1~0~none~gge1505~0",
          "W~700 -330 700 -365 640 -365 640 -365~#008800~1~0~none~gge1506~0",
          "W~755 -330 755 -365 700 -365~#008800~1~0~none~gge1507~0",
          "F~part_netLabel_VCC~495~-120~90~gge1508~~0^^495~-120^^3V3~#000000~459.83~-116~0~start~1~Times New Roman~9pt~flag_gge97^^PL~485 -120 495 -120~#000000~1~0~transparent~gge1512~0^^PL~485 -115 485 -125~#000000~1~0~transparent~gge1513~0",
          "W~575 -175 575 -120~#008800~1~0~none~gge1514~0",
          "W~750 -180 720 -180 720 -120 495 -120~#008800~1~0~none~gge1515~0",
          "W~770 -130 770 -180~#008800~1~0~none~gge1516~0",
          "F~part_netLabel_netPort~735~-250~180~gge1517~~0^^735~-250^^U2-16~#0000FF~758.45~-246.42~0~start~1~Times New Roman~8pt~flag_gge100^^PL~735 -250 740 -255 755 -255 755 -245 740 -245 735 -250~#0000FF~1~0~transparent~gge1521~0",
          "F~part_netLabel_netPort~680~-250~180~gge1522~~0^^680~-250^^U2-12~#0000FF~704.17~-246.42~0~start~1~Times New Roman~8pt~flag_gge103^^PL~680 -250 685 -255 700 -255 700 -245 685 -245 680 -250~#0000FF~1~0~transparent~gge1526~0",
          "F~part_netLabel_netPort~655~-250~0~gge1527~~0^^655~-250^^U2-13~#0000FF~603.96~-246.46~0~start~1~Times New Roman~8pt~flag_gge106^^PL~655 -250 650 -245 635 -245 635 -255 650 -255 655 -250~#0000FF~1~0~transparent~gge1531~0",
          "F~part_netLabel_netPort~555~-160~0~gge1532~~0^^555~-160^^U2-4~#0000FF~512~-155.69~0~start~1~Times New Roman~8pt~flag_gge109^^PL~555 -160 550 -155 535 -155 535 -165 550 -165 555 -160~#0000FF~1~0~transparent~gge1536~0",
          "F~part_netLabel_netPort~770~-130~180~gge1537~~0^^770~-130^^U2-14~#0000FF~793.65~-126.56~0~start~1~Times New Roman~8pt~flag_gge112^^PL~770 -130 775 -135 790 -135 790 -125 775 -125 770 -130~#0000FF~1~0~transparent~gge1541~0",
          "F~part_netLabel_netPort~340~-500~180~gge1542~~0^^340~-500^^U2-5~#0000FF~361.26~-496.79~0~start~1~Times New Roman~8pt~flag_gge115^^PL~340 -500 345 -505 360 -505 360 -495 345 -495 340 -500~#0000FF~1~0~transparent~gge1546~0",
          "F~part_netLabel_netPort~95~-490~0~gge1547~~0^^95~-490^^U2-2~#0000FF~52.2~-485.95~0~start~1~Times New Roman~8pt~flag_gge118^^PL~95 -490 90 -485 75 -485 75 -495 90 -495 95 -490~#0000FF~1~0~transparent~gge1551~0",
          "F~part_netLabel_netPort~870~-280~270~gge1552~~0^^870~-280^^VIN~#0000FF~871.81~-302.08~270~start~1~Times New Roman~8pt~flag_gge121^^PL~870 -280 865 -285 865 -300 875 -300 875 -285 870 -280~#0000FF~1~0~transparent~gge1556~0",
          "F~part_netLabel_gnD~890~-280~180~gge1557~~0^^890~-280^^GND~#000000~877.02~-299.35~0~start~1~Times New Roman~9pt~flag_gge124^^PL~890 -290 890 -280~#000000~1~0~transparent~gge1561~0^^PL~899 -290 881 -290~#000000~1~0~transparent~gge1562~0^^PL~896 -292 884 -292~#000000~1~0~transparent~gge1563~0^^PL~893 -294 887 -294~#000000~1~0~transparent~gge1564~0^^PL~891 -296 889 -296~#000000~1~0~transparent~gge1565~0",
          "F~part_netLabel_netPort~125~-450~0~gge1566~~0^^125~-450^^SPK+~#0000FF~103.5~-445~0~end~1~Times New Roman~8pt~flag_gge127^^PL~125 -450 120 -445 105 -445 105 -455 120 -455 125 -450~#0000FF~1~0~transparent~gge1570~0",
          "F~part_netLabel_netPort~125~-430~0~gge1571~~0^^125~-430^^SPK-~#0000FF~103.5~-425~0~end~1~Times New Roman~8pt~flag_gge130^^PL~125 -430 120 -425 105 -425 105 -435 120 -435 125 -430~#0000FF~1~0~transparent~gge1575~0",
          "F~part_netLabel_netPort~930~-280~270~gge1576~~0^^930~-280^^SPK+~#0000FF~931.6~-300.9~270~start~1~Times New Roman~8pt~flag_gge133^^PL~930 -280 925 -285 925 -300 935 -300 935 -285 930 -280~#0000FF~1~0~transparent~gge1580~0",
          "F~part_netLabel_netPort~910~-280~270~gge1581~~0^^910~-280^^SPK-~#0000FF~911.58~-301.46~270~start~1~Times New Roman~8pt~flag_gge136^^PL~910 -280 905 -285 905 -300 915 -300 915 -285 910 -280~#0000FF~1~0~transparent~gge1585~0",
          "W~125 -450 165 -450~#008800~1~0~none~gge1586~0",
          "F~part_netLabel_netPort~555~-250~0~gge1587~~0^^555~-250^^U2-15~#0000FF~506.89~-245.67~0~start~1~Times New Roman~8pt~flag_gge139^^PL~555 -250 550 -245 535 -245 535 -255 550 -255 555 -250~#0000FF~1~0~transparent~gge1591~0",
          "F~part_netLabel_netPort~620~-175~90~gge1592~~0^^620~-175^^U2-0~#0000FF~624.31~-132.21~270~start~1~Times New Roman~8pt~flag_gge142^^PL~620 -175 625 -170 625 -155 615 -155 615 -170 620 -175~#0000FF~1~0~transparent~gge1596~0",
          "W~640 -175 640 -40~#008800~1~0~none~gge1597~0",
          "LIB~610~-75~package`RES-ARRAY-SMD_1206-8P-L5.1-W3.1-BL`BOM_Supplier`LCSC`BOM_Supplier Part`C183863`BOM_Manufacturer`Ever Ohms Tech`BOM_Manufacturer Part`CRA064RJ10KE04`nameAlias`Resistance (Ohms)`Contributor`LCSC`BOM_Paste Type`expand`spicePre`R`spiceSymbolName`CRA064RJ10KE04`~90~0~gge79bfba889c42e163~495959b074744118bc4a1bfb3e5817e1~9eaddf0fa6044fabad2bd5ba620c9ba7~0~538436c2b9d84856~yes~yes~~~#@$T~N~637~-63~0~#000080~Arial~~~~~comment~10K~1~start~gge1600~0~pinpart#@$T~P~637~-72~0~#000080~Arial~~~~~comment~RN2~1~start~gge1602~0~pinpart#@$P~show~1~1~595~-40~270~gge1604~0^^595~-40^^M 595 -40 v -20~#000000^^0~598~-65~270~1~start~~~#000000^^0~594~-55~270~1~end~~~#000000^^0~595~-57^^0~M 598 -60 L 595 -63 L 592 -60#@$P~show~1~2~605~-40~270~gge1611~0^^605~-40^^M 605 -40 v -20~#000000^^0~608~-65~270~2~start~~~#000000^^0~604~-55~270~2~end~~~#000000^^0~605~-57^^0~M 608 -60 L 605 -63 L 602 -60#@$P~show~1~3~615~-40~270~gge1618~0^^615~-40^^M 615 -40 v -20~#000000^^0~618~-65~270~3~start~~~#000000^^0~614~-55~270~3~end~~~#000000^^0~615~-57^^0~M 618 -60 L 615 -63 L 612 -60#@$P~show~1~4~625~-40~270~gge1625~0^^625~-40^^M 625 -40 v -20~#000000^^0~628~-65~270~4~start~~~#000000^^0~624~-55~270~4~end~~~#000000^^0~625~-57^^0~M 628 -60 L 625 -63 L 622 -60#@$P~show~1~5~625~-110~90~gge1632~0^^625~-110^^M 625 -110 v 20~#000000^^0~628~-85~270~5~end~~~#000000^^0~624~-95~270~5~start~~~#000000^^0~625~-93^^0~M 622 -90 L 625 -87 L 628 -90#@$P~show~1~6~615~-110~90~gge1639~0^^615~-110^^M 615 -110 v 20~#000000^^0~618~-85~270~6~end~~~#000000^^0~614~-95~270~6~start~~~#000000^^0~615~-93^^0~M 612 -90 L 615 -87 L 618 -90#@$P~show~1~7~605~-110~90~gge1646~0^^605~-110^^M 605 -110 v 20~#000000^^0~608~-85~270~7~end~~~#000000^^0~604~-95~270~7~start~~~#000000^^0~605~-93^^0~M 602 -90 L 605 -87 L 608 -90#@$P~show~1~8~595~-110~90~gge1653~0^^595~-110^^M 595 -110 v 20~#000000^^0~598~-85~270~8~end~~~#000000^^0~594~-95~270~8~start~~~#000000^^0~595~-93^^0~M 592 -90 L 595 -87 L 598 -90#@$PL~625 -60 625 -66~#880000~1~0~none~gge1660~0#@$PL~585 -60 635 -60~#880000~1~0~none~gge1661~0#@$PL~585 -90 635 -90~#880000~1~0~none~gge1662~0#@$PL~595 -60 595 -66~#880000~1~0~none~gge1663~0#@$PL~615 -60 615 -66~#880000~1~0~none~gge1664~0#@$PL~585 -60 585 -90~#880000~1~0~none~gge1665~0#@$PL~605 -60 605 -66~#880000~1~0~none~gge1666~0#@$PL~593 -66 593 -84~#880000~1~0~none~gge1667~0#@$PL~593 -66 597 -66 597 -84 593 -84~#880000~1~0~none~gge1668~0#@$PL~603 -66 603 -84~#880000~1~0~none~gge1669~0#@$PL~603 -66 607 -66 607 -84 603 -84~#880000~1~0~none~gge1670~0#@$PL~613 -66 613 -84~#880000~1~0~none~gge1671~0#@$PL~613 -66 617 -66 617 -84 613 -84~#880000~1~0~none~gge1672~0#@$PL~623 -66 623 -84~#880000~1~0~none~gge1673~0#@$PL~623 -66 627 -66 627 -84 623 -84~#880000~1~0~none~gge1674~0#@$PL~595 -84 595 -90~#880000~1~0~none~gge1675~0#@$PL~605 -84 605 -90~#880000~1~0~none~gge1676~0#@$PL~615 -84 615 -90~#880000~1~0~none~gge1677~0#@$PL~625 -84 625 -90~#880000~1~0~none~gge1678~0#@$PL~635 -60 635 -90~#880000~1~0~none~gge1679~0",
          "LIB~685~-75~package`RES-ARRAY-SMD_1206-8P-L5.1-W3.1-BL`BOM_Supplier`LCSC`BOM_Supplier Part`C183863`BOM_Manufacturer`Ever Ohms Tech`BOM_Manufacturer Part`CRA064RJ10KE04`nameAlias`Resistance (Ohms)`Contributor`LCSC`BOM_Paste Type`expand`spicePre`R`spiceSymbolName`CRA064RJ10KE04`~90~0~gge78ec28f48d84f38d~495959b074744118bc4a1bfb3e5817e1~9eaddf0fa6044fabad2bd5ba620c9ba7~0~1237769bb114301e~yes~yes~~~#@$T~N~712~-63~0~#000080~Arial~~~~~comment~10K~1~start~gge1682~0~pinpart#@$T~P~712~-72~0~#000080~Arial~~~~~comment~RN3~1~start~gge1684~0~pinpart#@$P~show~1~1~670~-40~270~gge1686~0^^670~-40^^M 670 -40 v -20~#000000^^0~673~-65~270~1~start~~~#000000^^0~669~-55~270~1~end~~~#000000^^0~670~-57^^0~M 673 -60 L 670 -63 L 667 -60#@$P~show~1~2~680~-40~270~gge1693~0^^680~-40^^M 680 -40 v -20~#000000^^0~683~-65~270~2~start~~~#000000^^0~679~-55~270~2~end~~~#000000^^0~680~-57^^0~M 683 -60 L 680 -63 L 677 -60#@$P~show~1~3~690~-40~270~gge1700~0^^690~-40^^M 690 -40 v -20~#000000^^0~693~-65~270~3~start~~~#000000^^0~689~-55~270~3~end~~~#000000^^0~690~-57^^0~M 693 -60 L 690 -63 L 687 -60#@$P~show~1~4~700~-40~270~gge1707~0^^700~-40^^M 700 -40 v -20~#000000^^0~703~-65~270~4~start~~~#000000^^0~699~-55~270~4~end~~~#000000^^0~700~-57^^0~M 703 -60 L 700 -63 L 697 -60#@$P~show~1~5~700~-110~90~gge1714~0^^700~-110^^M 700 -110 v 20~#000000^^0~703~-85~270~5~end~~~#000000^^0~699~-95~270~5~start~~~#000000^^0~700~-93^^0~M 697 -90 L 700 -87 L 703 -90#@$P~show~1~6~690~-110~90~gge1721~0^^690~-110^^M 690 -110 v 20~#000000^^0~693~-85~270~6~end~~~#000000^^0~689~-95~270~6~start~~~#000000^^0~690~-93^^0~M 687 -90 L 690 -87 L 693 -90#@$P~show~1~7~680~-110~90~gge1728~0^^680~-110^^M 680 -110 v 20~#000000^^0~683~-85~270~7~end~~~#000000^^0~679~-95~270~7~start~~~#000000^^0~680~-93^^0~M 677 -90 L 680 -87 L 683 -90#@$P~show~1~8~670~-110~90~gge1735~0^^670~-110^^M 670 -110 v 20~#000000^^0~673~-85~270~8~end~~~#000000^^0~669~-95~270~8~start~~~#000000^^0~670~-93^^0~M 667 -90 L 670 -87 L 673 -90#@$PL~700 -60 700 -66~#880000~1~0~none~gge1742~0#@$PL~660 -60 710 -60~#880000~1~0~none~gge1743~0#@$PL~660 -90 710 -90~#880000~1~0~none~gge1744~0#@$PL~670 -60 670 -66~#880000~1~0~none~gge1745~0#@$PL~690 -60 690 -66~#880000~1~0~none~gge1746~0#@$PL~660 -60 660 -90~#880000~1~0~none~gge1747~0#@$PL~680 -60 680 -66~#880000~1~0~none~gge1748~0#@$PL~668 -66 668 -84~#880000~1~0~none~gge1749~0#@$PL~668 -66 672 -66 672 -84 668 -84~#880000~1~0~none~gge1750~0#@$PL~678 -66 678 -84~#880000~1~0~none~gge1751~0#@$PL~678 -66 682 -66 682 -84 678 -84~#880000~1~0~none~gge1752~0#@$PL~688 -66 688 -84~#880000~1~0~none~gge1753~0#@$PL~688 -66 692 -66 692 -84 688 -84~#880000~1~0~none~gge1754~0#@$PL~698 -66 698 -84~#880000~1~0~none~gge1755~0#@$PL~698 -66 702 -66 702 -84 698 -84~#880000~1~0~none~gge1756~0#@$PL~670 -84 670 -90~#880000~1~0~none~gge1757~0#@$PL~680 -84 680 -90~#880000~1~0~none~gge1758~0#@$PL~690 -84 690 -90~#880000~1~0~none~gge1759~0#@$PL~700 -84 700 -90~#880000~1~0~none~gge1760~0#@$PL~710 -60 710 -90~#880000~1~0~none~gge1761~0",
          "W~1205 -105 1180 -105 1180 -160 1120 -160~#008800~1~0~none~gge1762~0",
          "LIB~1225~-95~package`CONN-TH_3P-P2.50_HX25003-3A`BOM_Supplier`LCSC`BOM_Supplier Part`C442300`BOM_Manufacturer`HX(Zhejiang Yueqing Hongxing Elec)`BOM_Manufacturer Part`HX25003-3A`Contributor`LCSC`BOM_LCSC Assembly`Yes`SMT Type`Extend`spicePre`C`spiceSymbolName`HX25003-3A`Package Display`No`~~0~gge88ed6b0008cd2a17~231d79d7e9464e17abd14b8392fbe6bb~46fb28b240164e7ea10cfe023916ab9a~0~967fec48324d9275~yes~yes~~~#@$T~N~1209.66~-118~0~#000080~Arial~~~~~comment~HX25003-3A~1~start~gge1765~0~pinpart#@$T~P~1209.66~-127.18~0~#000080~Arial~~~~~comment~CN3~1~start~gge1767~0~pinpart#@$R~1215~-115~2~2~20~40~#880000~1~0~none~gge1769~0~#@$E~1220~-110~1.5~1.5~#880000~1~0~#880000~gge1770~0#@$P~show~0~1~1205~-105~180~gge1771~0^^1205~-105^^M 1205 -105 h 10~#880000^^1~1218.7~-101~0~1~start~~~#0000FF^^1~1214.5~-106~0~1~end~~~#0000FF^^0~1212~-105^^0~M 1215 -102 L 1218 -105 L 1215 -108#@$P~show~0~2~1205~-95~180~gge1778~0^^1205~-95^^M 1205 -95 h 10~#880000^^1~1218.7~-91~0~2~start~~~#0000FF^^1~1214.5~-96~0~2~end~~~#0000FF^^0~1212~-95^^0~M 1215 -92 L 1218 -95 L 1215 -98#@$P~show~0~3~1205~-85~180~gge1785~0^^1205~-85^^M 1205 -85 h 10~#880000^^1~1218.7~-81~0~3~start~~~#0000FF^^1~1214.5~-86~0~3~end~~~#0000FF^^0~1212~-85^^0~M 1215 -82 L 1218 -85 L 1215 -88",
          "F~part_netLabel_netPort~1155~-280~270~gge1792~~0^^1155~-280^^IN-~#0000FF~1158.72~-302.31~270~start~1~Times New Roman~8pt~flag_gge145^^PL~1155 -280 1150 -285 1150 -300 1160 -300 1160 -285 1155 -280~#0000FF~1~0~transparent~gge1796~0",
          "F~part_netLabel_netPort~1155~-340~270~gge1797~~0^^1155~-340^^IN+~#0000FF~1157.13~-361.85~270~start~1~Times New Roman~8pt~flag_gge148^^PL~1155 -340 1150 -345 1150 -360 1160 -360 1160 -345 1155 -340~#0000FF~1~0~transparent~gge1801~0",
          "F~part_netLabel_gnD~1195~-180~0~gge1802~~0^^1195~-180^^GND~#000000~1182~-154~0~start~1~Times New Roman~9pt~flag_gge151^^PL~1195 -170 1195 -180~#000000~1~0~transparent~gge1806~0^^PL~1186 -170 1204 -170~#000000~1~0~transparent~gge1807~0^^PL~1189 -168 1201 -168~#000000~1~0~transparent~gge1808~0^^PL~1192 -166 1198 -166~#000000~1~0~transparent~gge1809~0^^PL~1194 -164 1196 -164~#000000~1~0~transparent~gge1810~0",
          "W~1130 -115 1130 -135 1110 -135~#008800~1~0~none~gge1821~0",
          "W~1110 -205 1110 -135 1100 -135 1100 -115~#008800~1~0~none~gge1822~0",
          "W~1120 -205 1120 -160 1090 -160 1090 -115~#008800~1~0~none~gge1823~0",
          "W~1140 -205 1140 -190 1280 -190 1280 -340 1250 -340~#008800~1~0~none~gge1824~0",
          "W~1130 -205 1130 -180 1250 -180 1250 -280~#008800~1~0~none~gge1825~0",
          "W~1335 -320 1355 -320 1355 -300 1250 -300~#008800~1~0~none~gge1879~0",
          "W~1250 -320 1295 -320~#008800~1~0~none~gge1880~0",
          "W~1105 -310 1105 -280 1170 -280~#008800~1~0~none~gge1881~0",
          "W~1105 -340 1105 -340 1170 -340~#008800~1~0~none~gge1882~0",
          "LIB~1220~-310~package`RECHARGE_18650`BOM_Manufacturer``BOM_Manufacturer Part``BOM_Supplier Part``BOM_Supplier``link`https://detail.tmall.com/item.htm?spm=a230r.1.14.29.355d5720q5Mq8c&id=608376172670&ns=1&abbucket=19&skuId=4447524983844`Contributor`cephaswang`spicePre`L`spiceSymbolName`RECHARGE_18650`~~0~gge673b9b8ad538bf96~012ab2cc6f294b0e9664cf90d30baf00~be906d94956a4039afe02af726e84fca~0~11ec647e452a92ec~yes~yes~~~#@$T~N~1204.8~-353~0~#000080~Arial~~~~~comment~RECHARGE_18650~1~start~gge1885~0~pinpart#@$T~P~1204.8~-362~0~#000080~Arial~~~~~comment~L1~1~start~gge1887~0~pinpart#@$R~1190~-350~~~50~80~#000000~1~0~none~gge1889~0~#@$P~show~0~1~1250~-340~~gge1890~0^^1250~-340^^M 1250 -340 h -20~#880000^^1~1238~-342~0~out+~end~~4pt~#0000FF^^1~1225~-336~0~1~start~~4pt~#0000FF^^0~1233~-340^^0~M 1230 -343 L 1227 -340 L 1230 -337#@$P~show~0~4~1250~-280~~gge1897~0^^1250~-280^^M 1250 -280 h -20~#880000^^1~1238~-274~0~out -~end~~4pt~#0000FF^^1~1225~-281~0~4~start~~4pt~#0000FF^^0~1233~-280^^0~M 1230 -283 L 1227 -280 L 1230 -277#@$P~show~0~2~1250~-320~~gge1904~0^^1250~-320^^M 1250 -320 h -20~#880000^^1~1238~-322~0~batt+~end~~4pt~#0000FF^^1~1225~-316~0~2~start~~4pt~#0000FF^^0~1233~-320^^0~M 1230 -323 L 1227 -320 L 1230 -317#@$P~show~0~31~1250~-300~~gge1911~0^^1250~-300^^M 1250 -300 h -20~#880000^^1~1238~-294~0~batt -~end~~4pt~#0000FF^^1~1225~-301~0~3~start~~4pt~#0000FF^^0~1233~-300^^0~M 1230 -303 L 1227 -300 L 1230 -297#@$P~show~0~5~1170~-340~180~gge1918~0^^1170~-340^^M 1170 -340 h 20~#880000^^1~1192~-337~0~IN +~start~~~#0000FF^^1~1185~-341~0~5~end~~~#0000FF^^0~1187~-340^^0~M 1190 -337 L 1193 -340 L 1190 -343#@$P~show~0~6~1170~-280~180~gge1925~0^^1170~-280^^M 1170 -280 h 20~#880000^^1~1192~-277~0~IN -~start~~~#0000FF^^1~1185~-281~0~6~end~~~#0000FF^^0~1187~-280^^0~M 1190 -277 L 1193 -280 L 1190 -283",
          "F~part_netLabel_VCC~1280~-190~270~gge1932~~0^^1280~-190^^VIN~#000000~1290.5~-186.01~0~start~1~Times New Roman~9pt~flag_gge154^^PL~1290 -190 1280 -190~#000000~1~0~transparent~gge1936~0^^PL~1290 -195 1290 -185~#000000~1~0~transparent~gge1937~0",
          "W~615 -110 615 -130 585 -130 585 -250 555 -250 555 -290~#008800~1~0~none~gge1938~0",
          "W~110 -490 95 -490~#008800~1~0~none~gge1939~0",
          "LIB~220~-465~package`DFPLAYER_CS_A`BOM_Supplier`LCSC`BOM_Supplier Part`C2829314`BOM_Manufacturer`null`BOM_Manufacturer Part`MP3-TF-16P2`Contributor`LCSC`BOM_JLCPCB Part Class`Extended Part`spicePre`U`spiceSymbolName`MP3-TF-16P2`~~0~ggeb162ad2c4cc4e877~1151af1ef2444ff0a77fa296b6a8588d~fde0be6b43404af684ac96cf02e3940b~0~fa0557eca91b51d6~yes~yes~~~#@$T~N~214.25~-513~0~#000080~Arial~~~~~comment~MP3-TF-16P2~1~start~gge2014~0~pinpart#@$T~P~214.25~-522~0~#000080~Arial~~~~~comment~U2~1~start~gge2016~0~pinpart#@$R~175~-510~2~2~90~90~#880000~1~0~none~gge2018~0~#@$E~180~-505~1.5~1.5~#880000~1~0~#880000~gge2019~0#@$P~show~0~1~165~-500~180~gge2020~0^^165~-500^^M 165 -500 h 10~#FF0000^^1~178.7~-496~0~VCC~start~~~#FF0000^^1~174.5~-501~0~1~end~~~#FF0000^^0~172~-500^^0~M 175 -497 L 178 -500 L 175 -503#@$P~show~0~2~165~-490~180~gge2027~0^^165~-490^^M 165 -490 h 10~#880000^^1~178.7~-486~0~RX~start~~~#0000FF^^1~174.5~-491~0~2~end~~~#0000FF^^0~172~-490^^0~M 175 -487 L 178 -490 L 175 -493#@$P~show~0~3~165~-480~180~gge2034~0^^165~-480^^M 165 -480 h 10~#880000^^1~178.7~-476~0~TX~start~~~#0000FF^^1~174.5~-481~0~3~end~~~#0000FF^^0~172~-480^^0~M 175 -477 L 178 -480 L 175 -483#@$P~show~0~4~165~-470~180~gge2041~0^^165~-470^^M 165 -470 h 10~#880000^^1~178.7~-466~0~DAC_R~start~~~#0000FF^^1~174.5~-471~0~4~end~~~#0000FF^^0~172~-470^^0~M 175 -467 L 178 -470 L 175 -473#@$P~show~0~5~165~-460~180~gge2048~0^^165~-460^^M 165 -460 h 10~#880000^^1~178.7~-456~0~DAc_L~start~~~#0000FF^^1~174.5~-461~0~5~end~~~#0000FF^^0~172~-460^^0~M 175 -457 L 178 -460 L 175 -463#@$P~show~0~6~165~-450~180~gge2055~0^^165~-450^^M 165 -450 h 10~#880000^^1~178.7~-446~0~SPK2~start~~~#0000FF^^1~174.5~-451~0~6~end~~~#0000FF^^0~172~-450^^0~M 175 -447 L 178 -450 L 175 -453#@$P~show~0~7~165~-440~180~gge2062~0^^165~-440^^M 165 -440 h 10~#000000^^1~178.7~-436~0~GND~start~~~#000000^^1~174.5~-441~0~7~end~~~#000000^^0~172~-440^^0~M 175 -437 L 178 -440 L 175 -443#@$P~show~0~8~165~-430~180~gge2069~0^^165~-430^^M 165 -430 h 10~#880000^^1~178.7~-426~0~SPK1~start~~~#0000FF^^1~174.5~-431~0~8~end~~~#0000FF^^0~172~-430^^0~M 175 -427 L 178 -430 L 175 -433#@$P~show~0~9~275~-430~0~gge2076~0^^275~-430^^M 275 -430 h -10~#880000^^1~261.3~-426~0~IO1~end~~~#0000FF^^1~265.5~-431~0~9~start~~~#0000FF^^0~268~-430^^0~M 265 -433 L 262 -430 L 265 -427#@$P~show~0~10~275~-440~0~gge2083~0^^275~-440^^M 275 -440 h -10~#000000^^1~261.3~-436~0~GND~end~~~#000000^^1~265.5~-441~0~10~start~~~#000000^^0~268~-440^^0~M 265 -443 L 262 -440 L 265 -437#@$P~show~0~11~275~-450~0~gge2090~0^^275~-450^^M 275 -450 h -10~#880000^^1~261.3~-446~0~IO2~end~~~#0000FF^^1~265.5~-451~0~11~start~~~#0000FF^^0~268~-450^^0~M 265 -453 L 262 -450 L 265 -447#@$P~show~0~12~275~-460~0~gge2097~0^^275~-460^^M 275 -460 h -10~#880000^^1~261.3~-456~0~ADKEY1~end~~~#0000FF^^1~265.5~-461~0~12~start~~~#0000FF^^0~268~-460^^0~M 265 -463 L 262 -460 L 265 -457#@$P~show~0~13~275~-470~0~gge2104~0^^275~-470^^M 275 -470 h -10~#880000^^1~261.3~-466~0~ADKEY2~end~~~#0000FF^^1~265.5~-471~0~13~start~~~#0000FF^^0~268~-470^^0~M 265 -473 L 262 -470 L 265 -467#@$P~show~0~14~275~-480~0~gge2111~0^^275~-480^^M 275 -480 h -10~#880000^^1~261.3~-476~0~USB+~end~~~#0000FF^^1~265.5~-481~0~14~start~~~#0000FF^^0~268~-480^^0~M 265 -483 L 262 -480 L 265 -477#@$P~show~0~15~275~-490~0~gge2118~0^^275~-490^^M 275 -490 h -10~#880000^^1~261.3~-486~0~USB-~end~~~#0000FF^^1~265.5~-491~0~15~start~~~#0000FF^^0~268~-490^^0~M 265 -493 L 262 -490 L 265 -487#@$P~show~0~16~275~-500~0~gge2125~0^^275~-500^^M 275 -500 h -10~#880000^^1~261.3~-496~0~Busy~end~~~#0000FF^^1~265.5~-501~0~16~start~~~#0000FF^^0~268~-500^^0~M 265 -503 L 262 -500 L 265 -497",
          "LIB~1110~-95~package`AUDIO-TH_PJ-307N5`BOM_Supplier`LCSC`BOM_Supplier Part`C692542`BOM_Manufacturer`XKB Connectivity`BOM_Manufacturer Part`PJ-307N5`Contributor`LCSC`BOM_LCSC Assembly`Yes`SMT Type`Extend`BOM_Paste Type`expand`spicePre`C`spiceSymbolName`PJ-307N5`Package Display`Yes`~90~0~ggeb4fc1cecb24f1be9~866b8f6f2c5746ef8d9ccfcb383cb2d8~05b62f2be3d14e299ececf327de876bb~0~1be48ab0fb3e0c6e~yes~yes~~~#@$T~N~1134~-76.66~0~#000080~Arial~~~~~comment~PJ-307N5~1~start~gge2138~0~pinpart#@$T~P~1134~-85.79~0~#000080~Arial~~~~~comment~CN1~1~start~gge2140~0~pinpart#@$P~show~0~1~1090~-115~90~gge2142~0^^1090~-115^^M 1090 -115 v 10~#880000^^0~1093~-103~270~1~end~~~#0000FF^^1~1089~-105~270~1~start~~~#0000FF^^0~1090~-108^^0~M 1087 -105 L 1090 -102 L 1093 -105#@$P~show~0~5~1110~-115~90~gge2149~0^^1110~-115^^M 1110 -115 v 10~#880000^^0~1113~-103~270~5~end~~~#0000FF^^1~1109~-105~270~5~start~~~#0000FF^^0~1110~-108^^0~M 1107 -105 L 1110 -102 L 1113 -105#@$P~show~0~4~1120~-115~90~gge2156~0^^1120~-115^^M 1120 -115 v 10~#880000^^0~1123~-103~270~4~end~~~#0000FF^^1~1119~-105~270~4~start~~~#0000FF^^0~1120~-108^^0~M 1117 -105 L 1120 -102 L 1123 -105#@$P~show~0~3~1100~-115~90~gge2163~0^^1100~-115^^M 1100 -115 v 10~#880000^^0~1103~-103~270~3~end~~~#0000FF^^1~1099~-105~270~3~start~~~#0000FF^^0~1100~-108^^0~M 1097 -105 L 1100 -102 L 1103 -105#@$P~show~0~2~1130~-115~90~gge2170~0^^1130~-115^^M 1130 -115 v 10~#880000^^0~1133~-103~270~2~end~~~#0000FF^^1~1129~-105~270~2~start~~~#0000FF^^0~1130~-108^^0~M 1127 -105 L 1130 -102 L 1133 -105#@$PL~1100 -105 1100 -81 1104 -79 1100 -77~#880000~1~0~none~gge2177~0#@$PL~1110 -105 1110 -95~#880000~1~0~none~gge2178~0#@$PL~1130 -105 1130 -86 1126 -84 1130 -82~#880000~1~0~none~gge2179~0#@$PL~1096 -65 1090 -65 1090 -105~#880000~1~0~none~gge2180~0#@$R~1096~-69~~~31~8~#880000~1~0~none~gge2181~0~#@$PL~1110 -95 1100 -95 1105 -93~#880000~1~0~none~gge2182~0#@$PL~1100 -95 1105 -97~#880000~1~0~none~gge2183~0#@$PL~1130 -95 1125 -97~#880000~1~0~none~gge2184~0#@$PL~1120 -95 1130 -95 1125 -93~#880000~1~0~none~gge2185~0#@$PL~1120 -105 1120 -95~#880000~1~0~none~gge2186~0#@$T~PK~1080.44~-50.44~0~#000080~Arial~~~~~comment~AUDIO-TH_PJ-307N5~1~start~gge2187~0~pinpart",
          "F~part_netLabel_VCC~480~-435~90~gge2193~~0^^480~-435^^3V3~#000000~444.83~-430.93~0~start~1~Times New Roman~9pt~flag_gge157^^PL~470 -435 480 -435~#000000~1~0~transparent~gge2197~0^^PL~470 -430 470 -440~#000000~1~0~transparent~gge2198~0",
          "LIB~1125~-225~package`CONN-TH_4P-P2.50_HX25003-4A`BOM_Supplier`LCSC`BOM_Supplier Part`C442301`BOM_Manufacturer`HX(Zhejiang Yueqing Hongxing Elec)`BOM_Manufacturer Part`HX25003-4A`Contributor`LCSC`BOM_LCSC Assembly`Yes`SMT Type`Extend`spicePre`C`spiceSymbolName`HX25003-4A`Package Display`No`~90~0~gge1a53459eb3ea66ce~1621b615d5c34db4804303fd24add8fc~6a00c96a483b4ae18d303370e04f3599~0~7a94e7e513c0f3c8~yes~yes~~~#@$T~N~1115.67~-238~0~#000080~Arial~~~~~comment~HX25003-4A~1~start~gge2288~0~pinpart#@$T~P~1115.67~-246.85~0~#000080~Arial~~~~~comment~CN2~1~start~gge2290~0~pinpart#@$R~1100~-235~2~2~50~20~#880000~1~0~none~gge2292~0~#@$E~1105~-220~1.5~1.5~#880000~1~0~#880000~gge2293~0#@$P~show~0~1~1110~-205~270~gge2294~0^^1110~-205^^M 1110 -205 v -10~#880000^^1~1114~-218.7~270~1~start~~~#0000FF^^1~1109~-214.5~270~1~end~~~#0000FF^^0~1110~-212^^0~M 1113 -215 L 1110 -218 L 1107 -215#@$P~show~0~2~1120~-205~270~gge2301~0^^1120~-205^^M 1120 -205 v -10~#880000^^1~1124~-218.7~270~2~start~~~#0000FF^^1~1119~-214.5~270~2~end~~~#0000FF^^0~1120~-212^^0~M 1123 -215 L 1120 -218 L 1117 -215#@$P~show~0~3~1130~-205~270~gge2308~0^^1130~-205^^M 1130 -205 v -10~#880000^^1~1134~-218.7~270~3~start~~~#0000FF^^1~1129~-214.5~270~3~end~~~#0000FF^^0~1130~-212^^0~M 1133 -215 L 1130 -218 L 1127 -215#@$P~show~0~4~1140~-205~270~gge2315~0^^1140~-205^^M 1140 -205 v -10~#880000^^1~1144~-218.7~270~4~start~~~#0000FF^^1~1139~-214.5~270~4~end~~~#0000FF^^0~1140~-212^^0~M 1143 -215 L 1140 -218 L 1137 -215",
          "W~1040 -100 1045 -100 1045 -135 1100 -135~#008800~1~0~none~gge2368~0",
          "W~1040 -150 1090 -150~#008800~1~0~none~gge2369~0",
          "LIB~980~-150~package`R1210`BOM_Supplier`LCSC`BOM_Supplier Part`C473045`BOM_Manufacturer`UNI-ROYAL(Uniroyal Elec)`BOM_Manufacturer Part`1210W2F470KT5E`nameAlias`Resistance (Ohms)`Contributor`LCSC`spicePre`R`spiceSymbolName`1210W2F470KT5E`~~0~ggee6661ab8d087d4a7~8d980e0cb4b8404e96542d2888a244bd~22d98ef21592478f85a2dc02da4d3402~0~66f2d87a043a8334~yes~yes~~~#@$T~N~974.03~-158~0~#000080~Arial~~~~~comment~4.7~1~start~gge2420~0~pinpart#@$T~P~974.04~-166.83~0~#000080~Arial~~~~~comment~R2~1~start~gge2422~0~pinpart#@$P~show~0~1~960~-150~180~gge2424~0^^960~-150^^M 970 -150 h -10~#800^^0~974~-150~0~1~start~~~#800^^0~966~-154~0~1~end~~~#800^^0~947~-150^^0~M 950 -147 L 953 -150 L 950 -153#@$P~show~0~2~1000~-150~0~gge2431~0^^1000~-150^^M 990 -150 h 10~#800^^0~986~-150~0~2~end~~~#800^^0~994~-154~0~2~start~~~#800^^0~1013~-150^^0~M 1010 -153 L 1007 -150 L 1010 -147#@$R~970~-155~~~20~10~#A00000~1~0~none~gge2438~0~",
          "LIB~980~-100~package`R1210`BOM_Supplier`LCSC`BOM_Supplier Part`C473045`BOM_Manufacturer`UNI-ROYAL(Uniroyal Elec)`BOM_Manufacturer Part`1210W2F470KT5E`nameAlias`Resistance (Ohms)`Contributor`LCSC`spicePre`R`spiceSymbolName`1210W2F470KT5E`~~0~gge7915b77237c18e44~8d980e0cb4b8404e96542d2888a244bd~22d98ef21592478f85a2dc02da4d3402~0~af7a10e23e864437~yes~yes~~~#@$T~N~974.03~-108~0~#000080~Arial~~~~~comment~4.7~1~start~gge2441~0~pinpart#@$T~P~974.04~-116.83~0~#000080~Arial~~~~~comment~R7~1~start~gge2443~0~pinpart#@$P~show~0~1~960~-100~180~gge2445~0^^960~-100^^M 970 -100 h -10~#800^^0~974~-100~0~1~start~~~#800^^0~966~-104~0~1~end~~~#800^^0~947~-100^^0~M 950 -97 L 953 -100 L 950 -103#@$P~show~0~2~1000~-100~0~gge2452~0^^1000~-100^^M 990 -100 h 10~#800^^0~986~-100~0~2~end~~~#800^^0~994~-104~0~2~start~~~#800^^0~1013~-100^^0~M 1010 -103 L 1007 -100 L 1010 -97#@$R~970~-105~~~20~10~#A00000~1~0~none~gge2459~0~",
          "F~part_netLabel_gnD~950~-95~0~gge2463~~0^^950~-95^^GND~#000000~937~-69~0~start~1~Times New Roman~9pt~flag_gge160^^PL~950 -85 950 -95~#000000~1~0~transparent~gge2467~0^^PL~941 -85 959 -85~#000000~1~0~transparent~gge2468~0^^PL~944 -83 956 -83~#000000~1~0~transparent~gge2469~0^^PL~947 -81 953 -81~#000000~1~0~transparent~gge2470~0^^PL~949 -79 951 -79~#000000~1~0~transparent~gge2471~0",
          "W~960 -100 950 -100 950 -95~#008800~1~0~none~gge2475~0",
          "F~part_netLabel_netPort~1130~-135~180~gge2483~~0^^1130~-135^^SPK+~#0000FF~1150.89~-133.4~0~start~1~Times New Roman~8pt~flag_gge163^^PL~1130 -135 1135 -140 1150 -140 1150 -130 1135 -130 1130 -135~#0000FF~1~0~transparent~gge2487~0",
          "F~part_netLabel_netPort~1090~-160~270~gge2492~~0^^1090~-160^^SPK-~#0000FF~1091.58~-181.46~270~start~1~Times New Roman~8pt~flag_gge166^^PL~1090 -160 1085 -165 1085 -180 1095 -180 1095 -165 1090 -160~#0000FF~1~0~transparent~gge2496~0",
          "LIB~750~-490~package`HDR-TH_4P-P2.54-V-M`BOM_Supplier`LCSC`BOM_Manufacturer`Ckmtw`BOM_Manufacturer Part`210S-1*4P L=11.6MMGold-plated black`Contributor`LCSC`BOM_Supplier Part`C124378`BOM_JLCPCB Part Class`Extended Part`spicePre`H`spiceSymbolName`Header-Male-2.54_1x4`~180~0~gge145093f992878259~89f5280378144b629de4998ef974b6b8~58557ab5dac544259249b4981dd6020c~0~d2305d9731d34964~yes~yes~~~#@$T~N~838.83~-518~0~#000080~Arial~~~~~comment~Header-Male-2.54_1x4~1~end~gge2617~0~pinpart#@$T~P~755.3~-527~0~#000080~Arial~~~~~comment~H1~1~end~gge2619~0~pinpart#@$R~740~-515~2~2~30~50~#880000~1~0~none~gge2621~0~#@$E~743~-468~1.5~1.5~#880000~1~0~#880000~gge2622~0#@$P~show~0~1~730~-475~180~gge2623~0^^730~-475^^M 730 -475 h 10~#880000^^1~743.7~-471~0~1~start~~~#0000FF^^0~739.5~-476~0~1~end~~~#0000FF^^0~737~-475^^0~M 740 -472 L 743 -475 L 740 -478#@$P~show~0~2~730~-485~180~gge2630~0^^730~-485^^M 730 -485 h 10~#880000^^1~743.7~-481~0~2~start~~~#0000FF^^0~739.5~-486~0~2~end~~~#0000FF^^0~737~-485^^0~M 740 -482 L 743 -485 L 740 -488#@$P~show~0~3~730~-495~180~gge2637~0^^730~-495^^M 730 -495 h 10~#880000^^1~743.7~-491~0~3~start~~~#0000FF^^0~739.5~-496~0~3~end~~~#0000FF^^0~737~-495^^0~M 740 -492 L 743 -495 L 740 -498#@$P~show~0~4~730~-505~180~gge2644~0^^730~-505^^M 730 -505 h 10~#880000^^1~743.7~-501~0~4~start~~~#0000FF^^0~739.5~-506~0~4~end~~~#0000FF^^0~737~-505^^0~M 740 -502 L 743 -505 L 740 -508",
          "LIB~900~-260~package`CONN-TH_XH2.54-4AW`BOM_Manufacturer``BOM_Manufacturer Part``BOM_Supplier Part`C21273`BOM_Supplier`LCSC`link`https://item.taobao.com/item.htm?id=540386397267`Contributor`cephaswang`spicePre`U`spiceSymbolName`XKC-Y25-NPN`~180~0~gge9966e66e1d7115ba~a7fe1e7f669543bbb9dbd363eab26f57~dd4b575fd72546d6bb3038b95a354edd~0~f8888886f281b662~yes~yes~~~#@$T~N~942~-238.75~0~#000080~Arial~~~~~comment~XKC-Y25-NPN~1~start~gge2699~0~pinpart#@$T~P~942.01~-247.85~0~#000080~Arial~~~~~comment~U1~1~start~gge2701~0~pinpart#@$P~show~0~1~930~-280~90~gge2703~0^^930~-280^^M 930 -280 v 20~#880000^^1~933~-258~270~1~end~~~#0000FF^^1~929~-265~270~1~start~~~#0000FF^^0~930~-263^^0~M 927 -260 L 930 -257 L 933 -260#@$P~show~0~2~910~-280~90~gge2710~0^^910~-280^^M 910 -280 v 20~#880000^^1~913~-258~270~2~end~~~#0000FF^^1~909~-265~270~2~start~~~#0000FF^^0~910~-263^^0~M 907 -260 L 910 -257 L 913 -260#@$P~show~0~3~890~-280~90~gge2717~0^^890~-280^^M 890 -280 v 20~#880000^^1~893~-258~270~3~end~~~#0000FF^^1~889~-265~270~3~start~~~#0000FF^^0~890~-263^^0~M 887 -260 L 890 -257 L 893 -260#@$P~show~0~4~870~-280~90~gge2724~0^^870~-280^^M 870 -280 v 20~#880000^^1~873~-258~270~4~end~~~#0000FF^^1~869~-265~270~4~start~~~#0000FF^^0~870~-263^^0~M 867 -260 L 870 -257 L 873 -260#@$PL~940 -220 940 -260 860 -260 860 -220 940 -220~#000000~1~0~none~gge2731~0#@$T~L~870~-235~0~#0000FF~~8pt~~~~comment~XKC-Y25-NPN~1~start~gge2732~0~pinpart",
          "LIB~1050~-495~package`KEY-TH_4P-L6.0-W6.0-P4.50-LS6.5`BOM_Supplier`LCSC`BOM_Manufacturer`HRO`BOM_Manufacturer Part`K2-1102DP-C4SW-04`Contributor`LCSC`BOM_Supplier Part`C110153`BOM_JLCPCB Part Class`Extended Part`spicePre`S`spiceSymbolName`K2-1102DP-C4SW-04`~90~0~gge2ebb7a3e484c9dd1~557c105168d444a992e25584f55bcbb2~e1250ebd18d8469abc3c78f8e1bd3ffd~0~2744a9e1d30cdd13~yes~yes~~~#@$T~N~1068~-482.75~0~#000080~Arial~~~~~comment~K2-1102DP-C4SW-04~0~start~gge2933~0~pinpart#@$T~P~1068.01~-491.75~0~#000080~Arial~~~~~comment~SW1~1~start~gge2816~0~pinpart#@$PL~1040 -475 1040 -515~#880000~1~0~none~gge2818~0#@$PL~1060 -475 1060 -515~#880000~1~0~none~gge2819~0#@$PL~1040 -495 1046 -495 1047 -495~#880000~1~0~none~gge2820~0#@$PL~1060 -495 1053 -495 1047 -501~#880000~1~0~none~gge2821~0#@$P~show~0~1~1040~-455~270~gge2822~0^^1040~-455^^M 1040 -455 v -20~#880000^^0~1043~-477~270~1~start~~~#0000FF^^1~1039~-470~270~1~end~~~#0000FF^^0~1040~-472^^0~M 1043 -475 L 1040 -478 L 1037 -475#@$P~show~0~2~1040~-535~90~gge2829~0^^1040~-535^^M 1040 -535 v 20~#880000^^0~1043~-513~270~2~end~~~#0000FF^^1~1039~-520~270~2~start~~~#0000FF^^0~1040~-518^^0~M 1037 -515 L 1040 -512 L 1043 -515#@$R~1034~-515~2~2~32~40~#880000~1~0~none~gge2836~0~#@$P~show~0~3~1060~-455~270~gge2837~0^^1060~-455^^M 1060 -455 v -20~#880000^^0~1063~-477~270~3~start~~~#0000FF^^1~1059~-470~270~3~end~~~#0000FF^^0~1060~-472^^0~M 1063 -475 L 1060 -478 L 1057 -475#@$P~show~0~4~1060~-535~90~gge2844~0^^1060~-535^^M 1060 -535 v 20~#880000^^0~1063~-513~270~4~end~~~#0000FF^^1~1059~-520~270~4~start~~~#0000FF^^0~1060~-518^^0~M 1057 -515 L 1060 -512 L 1063 -515",
          "LIB~1130~-495~package`KEY-TH_4P-L6.0-W6.0-P4.50-LS6.5`BOM_Supplier`LCSC`BOM_Manufacturer`HRO`BOM_Manufacturer Part`K2-1102DP-C4SW-04`Contributor`LCSC`BOM_Supplier Part`C110153`BOM_JLCPCB Part Class`Extended Part`spicePre`S`spiceSymbolName`K2-1102DP-C4SW-04`~90~0~gge2af66dc7884713a5~557c105168d444a992e25584f55bcbb2~e1250ebd18d8469abc3c78f8e1bd3ffd~0~668e9570aa6e8353~yes~yes~~~#@$T~N~1148~-482.75~0~#000080~Arial~~~~~comment~K2-1102DP-C4SW-04~0~start~gge2934~0~pinpart#@$T~P~1148.01~-491.75~0~#000080~Arial~~~~~comment~SW2~1~start~gge2855~0~pinpart#@$PL~1120 -475 1120 -515~#880000~1~0~none~gge2857~0#@$PL~1140 -475 1140 -515~#880000~1~0~none~gge2858~0#@$PL~1120 -495 1126 -495 1127 -495~#880000~1~0~none~gge2859~0#@$PL~1140 -495 1133 -495 1127 -501~#880000~1~0~none~gge2860~0#@$P~show~0~1~1120~-455~270~gge2861~0^^1120~-455^^M 1120 -455 v -20~#880000^^0~1123~-477~270~1~start~~~#0000FF^^1~1119~-470~270~1~end~~~#0000FF^^0~1120~-472^^0~M 1123 -475 L 1120 -478 L 1117 -475#@$P~show~0~2~1120~-535~90~gge2868~0^^1120~-535^^M 1120 -535 v 20~#880000^^0~1123~-513~270~2~end~~~#0000FF^^1~1119~-520~270~2~start~~~#0000FF^^0~1120~-518^^0~M 1117 -515 L 1120 -512 L 1123 -515#@$R~1114~-515~2~2~32~40~#880000~1~0~none~gge2875~0~#@$P~show~0~3~1140~-455~270~gge2876~0^^1140~-455^^M 1140 -455 v -20~#880000^^0~1143~-477~270~3~start~~~#0000FF^^1~1139~-470~270~3~end~~~#0000FF^^0~1140~-472^^0~M 1143 -475 L 1140 -478 L 1137 -475#@$P~show~0~4~1140~-535~90~gge2883~0^^1140~-535^^M 1140 -535 v 20~#880000^^0~1143~-513~270~4~end~~~#0000FF^^1~1139~-520~270~4~start~~~#0000FF^^0~1140~-518^^0~M 1137 -515 L 1140 -512 L 1143 -515",
          "W~1060 -455 1060 -445 1140 -445 1140 -455~#008800~1~0~none~gge2938~0",
          "LIB~544~-471~package`ESP07S`Contributor`prathambumb`spicePre`I`spiceSymbolName`ESP-07S`BOM_Manufacturer Part``Package Display`Yes`~~0~ggeb4a59755f1652e0f~6ad113876c384dd495984092086fb9a6~79bc841cc7134797b055b14849fd89e8~0~fbd03e6ec00cadb1~yes~yes~~1611469585~#@$T~N~537.73~-518~0~#000080~Arial~~~~~comment~ESP-07S~1~start~gge3303~0~pinpart#@$T~P~537.73~-526.67~0~#000080~Arial~~~~~comment~IC1~1~start~gge3309~0~pinpart#@$PL~499.69 -515 589.69 -515~#A54B4B~1~0~none~gge3315~0#@$PL~589.69 -425 589.69 -515~#A54B4B~1~0~none~gge3318~0#@$PL~589.69 -425 499.69 -425~#A54B4B~1~0~none~gge3321~0#@$PL~499.69 -515 499.69 -425~#A54B4B~1~0~none~gge3324~0#@$P~show~3~1~480~-505~180~gge3327~0^^480~-505^^M 480 -505 h 19.685~#A54B4B^^1~509.21~-502.05~0~RST~start~~4.5pt~#A54B4B^^1~487.56~-506.97~0~1~end~~4.5pt~#A54B4B^^0~496~-505^^0~M 499 -502 L 502 -505 L 499 -508#@$P~show~3~2~480~-495~180~gge3348~0^^480~-495^^M 480 -495 h 19.685~#A54B4B^^1~509.21~-492.05~0~ADC~start~~4.5pt~#A54B4B^^1~487.56~-496.97~0~2~end~~4.5pt~#A54B4B^^0~496~-495^^0~M 499 -492 L 502 -495 L 499 -498#@$P~show~3~3~480~-485~180~gge3369~0^^480~-485^^M 480 -485 h 19.685~#A54B4B^^1~509.21~-482.05~0~EN~start~~4.5pt~#A54B4B^^1~487.56~-486.97~0~3~end~~4.5pt~#A54B4B^^0~496~-485^^0~M 499 -482 L 502 -485 L 499 -488#@$P~show~3~4~480~-475~180~gge3390~0^^480~-475^^M 480 -475 h 19.685~#A54B4B^^1~509.21~-472.05~0~GPIO16~start~~4.5pt~#A54B4B^^1~487.56~-476.97~0~4~end~~4.5pt~#A54B4B^^0~496~-475^^0~M 499 -472 L 502 -475 L 499 -478#@$P~show~3~5~480~-465~180~gge3411~0^^480~-465^^M 480 -465 h 19.685~#A54B4B^^1~509.21~-462.05~0~GPIO14~start~~4.5pt~#A54B4B^^1~487.56~-466.97~0~5~end~~4.5pt~#A54B4B^^0~496~-465^^0~M 499 -462 L 502 -465 L 499 -468#@$P~show~3~6~480~-455~180~gge3432~0^^480~-455^^M 480 -455 h 19.685~#A54B4B^^1~509.21~-452.05~0~GPIO12~start~~4.5pt~#A54B4B^^1~487.56~-456.97~0~6~end~~4.5pt~#A54B4B^^0~496~-455^^0~M 499 -452 L 502 -455 L 499 -458#@$P~show~3~7~480~-445~180~gge3453~0^^480~-445^^M 480 -445 h 19.685~#A54B4B^^1~509.21~-442.05~0~GPIO13~start~~4.5pt~#A54B4B^^1~487.56~-446.97~0~7~end~~4.5pt~#A54B4B^^0~496~-445^^0~M 499 -442 L 502 -445 L 499 -448#@$P~show~3~8~480~-435~180~gge3474~0^^480~-435^^M 480 -435 h 19.685~#A54B4B^^1~509.21~-432.05~0~VCC~start~~4.5pt~#A54B4B^^1~487.56~-436.97~0~8~end~~4.5pt~#A54B4B^^0~496~-435^^0~M 499 -432 L 502 -435 L 499 -438#@$P~show~3~9~610~-435~0~gge3495~0^^610~-435^^M 610 -435 h -19.685~#A54B4B^^1~580.16~-432.05~0~GND~end~~4.5pt~#A54B4B^^1~601.81~-436.97~0~9~start~~4.5pt~#A54B4B^^0~594~-435^^0~M 591 -438 L 588 -435 L 591 -432#@$P~show~3~10~610~-445~0~gge3516~0^^610~-445^^M 610 -445 h -19.685~#A54B4B^^1~580.16~-442.05~0~GPIO15~end~~4.5pt~#A54B4B^^1~601.81~-446.97~0~10~start~~4.5pt~#A54B4B^^0~594~-445^^0~M 591 -448 L 588 -445 L 591 -442#@$P~show~3~11~610~-455~0~gge3537~0^^610~-455^^M 610 -455 h -19.685~#A54B4B^^1~580.16~-452.05~0~GPIO2~end~~4.5pt~#A54B4B^^1~601.81~-456.97~0~11~start~~4.5pt~#A54B4B^^0~594~-455^^0~M 591 -458 L 588 -455 L 591 -452#@$P~show~3~12~610~-465~0~gge3558~0^^610~-465^^M 610 -465 h -19.685~#A54B4B^^1~580.16~-462.05~0~GPIO0~end~~4.5pt~#A54B4B^^1~601.81~-466.97~0~12~start~~4.5pt~#A54B4B^^0~594~-465^^0~M 591 -468 L 588 -465 L 591 -462#@$P~show~3~13~610~-475~0~gge3579~0^^610~-475^^M 610 -475 h -19.685~#A54B4B^^1~580.16~-472.05~0~GPIO4~end~~4.5pt~#A54B4B^^1~601.81~-476.97~0~13~start~~4.5pt~#A54B4B^^0~594~-475^^0~M 591 -478 L 588 -475 L 591 -472#@$P~show~3~14~610~-485~0~gge3600~0^^610~-485^^M 610 -485 h -19.685~#A54B4B^^1~580.16~-482.05~0~GPIO5~end~~4.5pt~#A54B4B^^1~601.81~-486.97~0~14~start~~4.5pt~#A54B4B^^0~594~-485^^0~M 591 -488 L 588 -485 L 591 -482#@$P~show~3~15~610~-495~0~gge3621~0^^610~-495^^M 610 -495 h -19.685~#A54B4B^^1~580.16~-492.05~0~RXD0~end~~4.5pt~#A54B4B^^1~601.81~-496.97~0~15~start~~4.5pt~#A54B4B^^0~594~-495^^0~M 591 -498 L 588 -495 L 591 -492#@$P~show~3~16~610~-505~0~gge3642~0^^610~-505^^M 610 -505 h -19.685~#A54B4B^^1~580.16~-502.05~0~TXD0~end~~4.5pt~#A54B4B^^1~601.81~-506.97~0~16~start~~4.5pt~#A54B4B^^0~594~-505^^0~M 591 -508 L 588 -505 L 591 -502#@$T~PK~478~-415~0~#000080~Arial~~~~~comment~ESP07S~1~start~gge3300~0~pinpart",
          "W~700 -485 730 -485~#008800~1~0~none~gge4572~0",
          "LIB~1020~-150~package`C1210`BOM_Supplier`LCSC`BOM_Supplier Part`C360348`BOM_Manufacturer`TDK`BOM_Manufacturer Part`C3225C0G2J333JT000N`nameAlias`Capacitance`Contributor`LCSC`BOM_JLCPCB Part Class`Extended Part`spicePre`C`spiceSymbolName`C3225C0G2J333JT000N`Package Display`Yes`~90~0~gge090fd598b4ffa5c4~2ff699914e4849dc8fa1384e78f43943~e0e65cab390649cabc86da94017ef411~0~816fded2ec96a8a0~yes~yes~ec0fee872398438193760165bb2d5996~1659553821~6493c075395b47978b9a3536a5c3606c#@$T~N~1014.03~-161~0~#000080~Arial~~~~~comment~33nF~1~start~gge4645~0~pinpart#@$T~P~1014.03~-170~0~#000080~Arial~~~~~comment~C1~1~start~gge4651~0~pinpart#@$PL~1022 -158 1022 -142~#A00000~1~0~none~gge4657~0#@$P~show~0~1~1040~-150~0~gge4660~0^^1040~-150^^M 1030 -150 h 10~#800^^0~1026~-150~0~1~end~~~#800^^0~1034~-154~0~1~start~~~#800^^0~1053~-150^^0~M 1050 -153 L 1047 -150 L 1050 -147#@$PL~1010 -150 1018 -150~#A00000~1~0~none~gge4681~0#@$PL~1018 -142 1018 -158~#A00000~1~0~none~gge4684~0#@$P~show~0~2~1000~-150~180~gge4687~0^^1000~-150^^M 1010 -150 h -10~#800^^0~1014~-150~0~2~start~~~#800^^0~1006~-154~0~2~end~~~#800^^0~987~-150^^0~M 990 -147 L 993 -150 L 990 -153#@$PL~1022 -150 1030 -150~#A00000~1~0~none~gge4708~0#@$T~PK~998~-131.59~0~#000080~Arial~~~~~comment~C1210~1~start~gge4642~0~pinpart",
          "LIB~1020~-100~package`C1210`BOM_Supplier`LCSC`BOM_Supplier Part`C360348`BOM_Manufacturer`TDK`BOM_Manufacturer Part`C3225C0G2J333JT000N`nameAlias`Capacitance`Contributor`LCSC`BOM_JLCPCB Part Class`Extended Part`spicePre`C`spiceSymbolName`C3225C0G2J333JT000N`Package Display`Yes`~90~0~gge32e893bdd4030cb9~2ff699914e4849dc8fa1384e78f43943~e0e65cab390649cabc86da94017ef411~0~3a112b13eb52cea4~yes~yes~ec0fee872398438193760165bb2d5996~1659553821~6493c075395b47978b9a3536a5c3606c#@$T~N~1014.03~-111~0~#000080~Arial~~~~~comment~33nF~1~start~gge4723~0~pinpart#@$T~P~1014.03~-120~0~#000080~Arial~~~~~comment~C2~1~start~gge4729~0~pinpart#@$PL~1022 -108 1022 -92~#A00000~1~0~none~gge4735~0#@$P~show~0~1~1040~-100~0~gge4738~0^^1040~-100^^M 1030 -100 h 10~#800^^0~1026~-100~0~1~end~~~#800^^0~1034~-104~0~1~start~~~#800^^0~1053~-100^^0~M 1050 -103 L 1047 -100 L 1050 -97#@$PL~1010 -100 1018 -100~#A00000~1~0~none~gge4759~0#@$PL~1018 -92 1018 -108~#A00000~1~0~none~gge4762~0#@$P~show~0~2~1000~-100~180~gge4765~0^^1000~-100^^M 1010 -100 h -10~#800^^0~1014~-100~0~2~start~~~#800^^0~1006~-104~0~2~end~~~#800^^0~987~-100^^0~M 990 -97 L 993 -100 L 990 -103#@$PL~1022 -100 1030 -100~#A00000~1~0~none~gge4786~0#@$T~PK~998~-82~0~#000080~Arial~~~~~comment~C1210~1~start~gge4720~0~pinpart",
          "W~960 -150 950 -150 950 -100~#008800~1~0~none~gge4886~0",
          "W~1085 -600 1085 -620~#008800~1~0~none~gge4890~0",
          "T~L~870~-605~0~#0000FF~~9pt~~~~comment~IO0  FLASH 启动模式：悬空／上拉~1~start~gge4903~0~pinpart",
          "W~555 -160 555 -175~#008800~1~0~none~gge4918~0",
          "J~240~-80~2.5~#CC0000~gge86~0",
          "J~240~-230~2.5~#CC0000~gge92~0",
          "J~185~-230~2.5~#CC0000~gge95~0",
          "J~1065~-690~2.5~#CC0000~gge101~0",
          "J~1075~-690~2.5~#CC0000~gge104~0",
          "J~575~-365~2.5~#CC0000~gge125~0",
          "J~575~-120~2.5~#CC0000~gge131~0",
          "J~770~-130~2.5~#CC0000~gge134~0",
          "J~640~-40~2.5~#CC0000~gge140~0",
          "J~605~-40~2.5~#CC0000~gge143~0",
          "J~615~-40~2.5~#CC0000~gge146~0",
          "J~625~-40~2.5~#CC0000~gge149~0",
          "J~670~-40~2.5~#CC0000~gge152~0",
          "J~680~-40~2.5~#CC0000~gge155~0",
          "J~690~-40~2.5~#CC0000~gge158~0",
          "J~1120~-160~2.5~#CC0000~gge161~0",
          "J~1155~-280~2.5~#CC0000~gge164~0",
          "J~1155~-340~2.5~#CC0000~gge167~0",
          "J~1195~-180~2.5~#CC0000~gge170~0",
          "J~1110~-135~2.5~#CC0000~gge179~0",
          "J~1280~-190~2.5~#CC0000~gge182~0",
          "J~315~-440~2.5~#CC0000~gge185~0",
          "J~680~-250~2.5~#CC0000~gge188~0",
          "J~655~-250~2.5~#CC0000~gge191~0",
          "J~555~-250~2.5~#CC0000~gge194~0",
          "J~700~-365~2.5~#CC0000~gge197~0",
          "J~735~-250~2.5~#CC0000~gge200~0",
          "J~1110~-115~2.5~#CC0000~gge2472~0",
          "J~1100~-135~2.5~#CC0000~gge2473~0",
          "J~1090~-150~2.5~#CC0000~gge2474~0",
          "J~1130~-135~2.5~#CC0000~gge2489~0",
          "J~1090~-160~2.5~#CC0000~gge2497~0",
          "J~650~-40~2.5~#CC0000~gge122~0",
          "J~495~-120~2.5~#CC0000~gge137~0",
          "J~395~-205~2.5~#CC0000~gge4639~0",
          "J~950~-100~2.5~#CC0000~gge4887~0",
          "J~315~-80~2.5~#CC0000~gge89~0",
          "J~640~-365~2.5~#CC0000~gge4899~0",
          "J~1065~-590~2.5~#CC0000~gge4913~0",
          "J~1075~-445~2.5~#CC0000~gge4914~0",
          "J~1075~-575~2.5~#CC0000~gge4915~0",
          "J~555~-160~2.5~#CC0000~gge4919~0"
        ],
        "BBox": {
          "x": 50.5,
          "y": -696,
          "width": 1339.5,
          "height": 684.9
        },
        "colors": {}
      }
    }
  ]
}