{
  "head": {
    "docType": "3",
    "editorVersion": "6.5.8",
    "newgId": true,
    "c_para": {},
    "x": "4020",
    "y": "3428",
    "hasIdFlag": true,
    "importFlag": 0,
    "transformList": ""
  },
  "canvas": "CA~1000~1000~#000000~yes~#FFFFFF~9.84252~1000~1000~line~0.393701~mm~0.2~45~visible~0.393701~4020~3428~1~yes",
  "shape": [
    "TRACK~1~10~~4128.2677 3363.0394 4128.2677 3079.5748~gge2179~0",
    "TRACK~1~10~~4584.9606 3378.7874 4144.0157 3378.7874~gge2177~0",
    "TRACK~1~10~~4600.7087 3079.5748 4600.7087 3363.0394~gge2175~0",
    "TRACK~1~10~~4144.0157 3063.8268 4584.9606 3063.8268~gge2173~0",
    "ARC~1~10~~M4584.9606 3063.8268A15.748 15.748 0 0 1 4600.7087 3079.5748~~gge2174~0",
    "ARC~1~10~~M4600.7087 3363.0394A15.748 15.748 0 0 1 4584.9606 3378.7874~~gge2176~0",
    "ARC~1~10~~M4144.0157 3378.7874A15.748 15.748 0 0 1 4128.2677 3363.0394~~gge2178~0",
    "ARC~1~10~~M4128.2677 3079.5748A15.748 15.748 0 0 1 4144.0157 3063.8268~~gge2180~0",
    "TRACK~1~12~~4478.6616 3148.8662 4478.6616 3290.5984~gge2230~0",
    "TRACK~1~12~~4179.4487 3290.5984 4179.4487 3148.8662~gge2229~0",
    "TRACK~1~12~~4195.1968 3133.1182 4462.9136 3133.1182~gge2228~0",
    "TRACK~1~12~~4462.9136 3306.3464 4195.1968 3306.3464~gge2227~0",
    "TRACK~0.2~12~S$2087~4081.0237 3221.307 4726.5237 3221.307~gge2097~0",
    "TRACK~1~12~S$2089~4364.4884 3009.1021 4364.4884 3453.1021~gge2106~0",
    "TRACK~0.5~12~S$1201~4487.737 3347.484 4514.237 3347.484~gge1884~0",
    "ARC~1~12~~M4462.9134 3133.1181A15.748 15.748 0 0 1 4478.6614 3148.8661~~gge2166~0",
    "ARC~1~12~~M4478.6614 3290.5984A15.748 15.748 0 0 1 4462.9134 3306.3465~~gge2168~0",
    "ARC~1~12~~M4195.1969 3306.3465A15.748 15.748 0 0 1 4179.4488 3290.5984~~gge2170~0",
    "ARC~1~12~~M4179.4488 3148.8661A15.748 15.748 0 0 1 4195.1969 3133.1181~~gge2172~0",
    "HOLE~4549.922~3138.236~13.7795~gge2111~0",
    "HOLE~4501.89~3347.685~6.6929~gge2185~0",
    "HOLE~4501.89~3091.779~6.6929~gge2195~0",
    "HOLE~4155.433~3091.779~6.6929~gge2205~0",
    "HOLE~4155.433~3347.685~6.6929~gge2215~0"
  ],
  "layers": [
    "1~TopLayer~#FF0000~true~false~true~",
    "2~BottomLayer~#0000FF~true~false~true~",
    "3~TopSilkLayer~#FFCC00~true~false~true~",
    "4~BottomSilkLayer~#66CC33~true~false~true~",
    "5~TopPasteMaskLayer~#808080~true~false~true~",
    "6~BottomPasteMaskLayer~#800000~true~false~true~",
    "7~TopSolderMaskLayer~#800080~true~false~true~0.3",
    "8~BottomSolderMaskLayer~#AA00FF~true~false~true~0.3",
    "9~Ratlines~#6464FF~true~false~true~",
    "10~BoardOutLine~#FF00FF~true~false~true~",
    "11~Multi-Layer~#C0C0C0~true~false~true~",
    "12~Document~#FFFFFF~true~true~true~",
    "13~TopAssembly~#33CC99~false~false~false~",
    "14~BottomAssembly~#5555FF~false~false~false~",
    "15~Mechanical~#F022F0~false~false~false~",
    "19~3DModel~#66CCFF~false~false~false~",
    "21~Inner1~#999966~false~false~false~~",
    "22~Inner2~#008000~false~false~false~~",
    "23~Inner3~#00FF00~false~false~false~~",
    "24~Inner4~#BC8E00~false~false~false~~",
    "25~Inner5~#70DBFA~false~false~false~~",
    "26~Inner6~#00CC66~false~false~false~~",
    "27~Inner7~#9966FF~false~false~false~~",
    "28~Inner8~#800080~false~false~false~~",
    "29~Inner9~#008080~false~false~false~~",
    "30~Inner10~#15935F~false~false~false~~",
    "31~Inner11~#000080~false~false~false~~",
    "32~Inner12~#00B400~false~false~false~~",
    "33~Inner13~#2E4756~false~false~false~~",
    "34~Inner14~#99842F~false~false~false~~",
    "35~Inner15~#FFFFAA~false~false~false~~",
    "36~Inner16~#99842F~false~false~false~~",
    "37~Inner17~#2E4756~false~false~false~~",
    "38~Inner18~#3535FF~false~false~false~~",
    "39~Inner19~#8000BC~false~false~false~~",
    "40~Inner20~#43AE5F~false~false~false~~",
    "41~Inner21~#C3ECCE~false~false~false~~",
    "42~Inner22~#728978~false~false~false~~",
    "43~Inner23~#39503F~false~false~false~~",
    "44~Inner24~#0C715D~false~false~false~~",
    "45~Inner25~#5A8A80~false~false~false~~",
    "46~Inner26~#2B937E~false~false~false~~",
    "47~Inner27~#23999D~false~false~false~~",
    "48~Inner28~#45B4E3~false~false~false~~",
    "49~Inner29~#215DA1~false~false~false~~",
    "50~Inner30~#4564D7~false~false~false~~",
    "51~Inner31~#6969E9~false~false~false~~",
    "52~Inner32~#9069E9~false~false~false~~",
    "99~ComponentShapeLayer~#00CCCC~false~false~false~",
    "100~LeadShapeLayer~#CC9999~false~false~false~",
    "101~ComponentPolarityLayer~#66FFCC~false~false~false~",
    "Hole~Hole~#222222~false~false~true~",
    "DRCError~DRCError~#FAD609~false~false~true~"
  ],
  "objects": [
    "All~true~false",
    "Component~true~true",
    "Prefix~true~true",
    "Name~true~false",
    "Track~true~true",
    "Pad~true~true",
    "Via~true~true",
    "Hole~true~true",
    "Copper_Area~true~true",
    "Circle~true~true",
    "Arc~true~true",
    "Solid_Region~true~true",
    "Text~true~true",
    "Image~true~true",
    "Rect~true~true",
    "Dimension~true~true",
    "Protractor~true~true"
  ],
  "BBox": {
    "x": 4081,
    "y": 3009.1,
    "width": 645.5,
    "height": 444
  },
  "preference": {
    "hideFootprints": "",
    "hideNets": ""
  },
  "DRCRULE": {
    "Default": {
      "trackWidth": 1,
      "clearance": 0.5984,
      "viaHoleDiameter": 2.4016,
      "viaHoleD": 1.2008
    },
    "isRealtime": true,
    "isDrcOnRoutingOrPlaceVia": false,
    "checkObjectToCopperarea": true,
    "showDRCRangeLine": true
  },
  "netColors": []
}