{
  "editorVersion": "6.4.20.6",
  "docType": "5",
  "title": "DFplayer_3",
  "description": "",
  "colors": {},
  "schematics": [
    {
      "docType": "1",
      "title": "DFPlayer_3",
      "description": "",
      "dataStr": {
        "head": {
          "docType": "1",
          "editorVersion": "6.4.20.6",
          "newgId": true,
          "c_para": {
            "Prefix Start": "1"
          },
          "c_spiceCmd": "null",
          "hasIdFlag": true,
          "uuid": "131dbcaeab9b4413a79c357687201189",
          "x": "0",
          "y": "0",
          "portOfADImportHack": "",
          "importFlag": 0,
          "transformList": ""
        },
        "canvas": "CA~1000~1000~#FFFFFF~yes~#CCCCCC~5~1000~1000~line~5~pixel~5~0~0",
        "shape": [
          "LIB~1490~-370~package`BATTERY_18650-HOLDER_C1`description`Battery Holders`Contributor`cephaswang`BOM_Supplier Part``BOM_Supplier``spicePre`B`spiceSymbolName`BATTERY18650_CS`BOM_Manufacturer Part``link`https://detail.tmall.com/item.htm?spm=a230r.1.14.9.22502993doP1oE&id=574814401165&cm_id=140105335569ed55e27b&abbucket=19&skuId=3767248761399`~~0~gge6fd3862e035a6c24~56a88781182446aba81ea88aaf27ad4d~95e58bb829164eb683118569b7d95908~0~9882d110c7038c6b~yes~yes#@$T~N~1478.6875~-388~0~#000080~Arial~~~~~comment~BATTERY18650_CS~1~start~gge2329~0~pinpart#@$T~P~1478.6875~-397~0~#000080~Arial~~~~~comment~BAT1~1~start~gge2331~0~pinpart#@$PL~1485 -385 1485 -355~#8D2323~2~0~none~gge2333~0#@$PL~1490 -375 1490 -365~#8D2323~2~0~none~gge2334~0#@$PL~1495 -385 1495 -355~#8D2323~2~0~none~gge2335~0#@$PL~1500 -375 1500 -365~#8D2323~2~0~none~gge2336~0#@$PL~1480 -370 1484 -370~#8D2323~1~0~none~gge2337~0#@$P~show~4~GND@1~1510~-370~0~gge2338~0^^1510~-370^^M 1510 -370 h -10~#8D2323^^0~1497~-367~0~-~end~~~#8D2323^^0~1506~-371~0~GND@1~start~~~#8D2323^^0~1503~-370^^0~M 1500 -373 L 1497 -370 L 1500 -367#@$P~show~4~PWR@1~1470~-370~180~gge2345~0^^1470~-370^^M 1470 -370 h 10~#8D2323^^0~1483~-367~0~+~start~~~#8D2323^^0~1474~-371~0~PWR@1~end~~~#8D2323^^0~1477~-370^^0~M 1480 -367 L 1483 -370 L 1480 -373",
          "LIB~485~-135~package`LL-41_L5.0-W2.5-RD`BOM_Supplier`LCSC`BOM_Manufacturer`SEMTECH`BOM_Manufacturer Part`ZM4729A`Contributor`LCSC`BOM_Supplier Part`C83911`BOM_JLCPCB Part Class`Extended Part`spicePre`D`spiceSymbolName`ZM4729A`~270~0~gge9369147b1d0dd13e~ad2c3be3d94341e0946350bb8507a820~1c79e710e1fe4244b707bd79162ae010~0~c4d919315bbe1c15~yes~yes#@$T~N~496~-122.75~0~#000080~Arial~~~~~comment~ZM4729A~1~start~gge2354~0~pinpart#@$T~P~496~-131.75~0~#000080~Arial~~~~~comment~D1~1~start~gge2356~0~pinpart#@$P~show~0~2~485~-115~270~gge2358~0^^485~-115^^M 485 -115 v -15~#880000^^0~488~-133~270~A~start~~~#0000FF^^0~484~-124~270~2~end~~~#0000FF^^0~485~-127^^0~M 488 -130 L 485 -133 L 482 -130#@$P~show~0~1~485~-155~90~gge2365~0^^485~-155^^M 485 -155 v 15~#880000^^0~488~-137~270~C~end~~~#0000FF^^0~484~-146~270~1~start~~~#0000FF^^0~485~-143^^0~M 482 -140 L 485 -137 L 488 -140#@$PL~494 -144 490 -140 480 -140 476 -136~#880000~1~0~none~gge2372~0#@$PT~M 491 -130 L 485 -140 L 478 -130 Z ~#880000~1~0~none~gge2373~0~",
          "F~part_netLabel_netPort~625~-855~0~gge2374~~0^^625~-855^^U2-EN~#0000FF~573.62~-851.3~0~start~1~Times New Roman~8pt~flag_gge5^^PL~625 -855 620 -850 605 -850 605 -860 620 -860 625 -855~#0000FF~1~0~transparent~gge2378~0",
          "W~780 -875 765 -875~#008800~1~0~none~gge2379~0",
          "LIB~875~-860~package`CONN-TH_4P-P2.50_HX25003-4A`BOM_Supplier`LCSC`BOM_Supplier Part`C442301`BOM_Manufacturer`HX(Zhejiang Yueqing Hongxing Elec)`BOM_Manufacturer Part`HX25003-4A`Contributor`LCSC`BOM_LCSC Assembly`Yes`SMT Type`Extend`spicePre`C`spiceSymbolName`HX25003-4A`Package Display`No`~~0~ggec75845f7c9530ab9~1621b615d5c34db4804303fd24add8fc~6a00c96a483b4ae18d303370e04f3599~0~1461cab41fcc471b~yes~yes#@$T~N~859.921875~-888~0~#000080~Arial~~~~~comment~HX25003-4A~0~start~gge2382~0~pinpart#@$T~P~859.93~-896.84~0~#000080~Arial~~~~~comment~CN8~1~start~gge2384~0~pinpart#@$R~865~-885~2~2~20~50~#880000~1~0~none~gge2386~0~#@$E~870~-880~1.5~1.5~#880000~1~0~#880000~gge2387~0#@$P~show~0~1~855~-875~180~gge2388~0^^855~-875^^M 855 -875 h 10~#880000^^1~868.7~-871~0~1~start~~~#0000FF^^1~864.5~-876~0~1~end~~~#0000FF^^0~862~-875^^0~M 865 -872 L 868 -875 L 865 -878#@$P~show~0~2~855~-865~180~gge2395~0^^855~-865^^M 855 -865 h 10~#880000^^1~868.7~-861~0~2~start~~~#0000FF^^1~864.5~-866~0~2~end~~~#0000FF^^0~862~-865^^0~M 865 -862 L 868 -865 L 865 -868#@$P~show~0~3~855~-855~180~gge2402~0^^855~-855^^M 855 -855 h 10~#880000^^1~868.7~-851~0~3~start~~~#0000FF^^1~864.5~-856~0~3~end~~~#0000FF^^0~862~-855^^0~M 865 -852 L 868 -855 L 865 -858#@$P~show~0~4~855~-845~180~gge2409~0^^855~-845^^M 855 -845 h 10~#880000^^1~868.7~-841~0~4~start~~~#0000FF^^1~864.5~-846~0~4~end~~~#0000FF^^0~862~-845^^0~M 865 -842 L 868 -845 L 865 -848",
          "F~part_netLabel_gnD~855~-855~270~gge2416~~0^^855~-855^^GND~#000000~812.3046875~-850.9296875~0~start~1~Times New Roman~9pt~flag_gge6^^PL~845 -855 855 -855~#000000~1~0~transparent~gge2420~0^^PL~845 -864 845 -846~#000000~1~0~transparent~gge2421~0^^PL~843 -861 843 -849~#000000~1~0~transparent~gge2422~0^^PL~841 -858 841 -852~#000000~1~0~transparent~gge2423~0^^PL~839 -856 839 -854~#000000~1~0~transparent~gge2424~0",
          "LIB~800~-875~package`R1210`BOM_Supplier`LCSC`BOM_Manufacturer`UniOhm`BOM_Manufacturer Part`1210W3F1001T5E`nameAlias`Resistance (Ohms)`BOM_Supplier Part`C52444`SMT Type`Extend`BOM_JLCPCB SMD`Yes`BOM_LCSC Assembly`Yes`spicePre`R`spiceSymbolName`1210W3F1001T5E`Package Display`No`BOM_link`https://item.taobao.com/item.htm?spm=a312a.7700824.w4002-22706186256.10.4139570fzmvoHx&id=601885774513`~~0~gge43c7e29aa91cfa4d~c9096ef99b8540f5a8207dff5e428311~e2613afd226bc56b21e424c0b426d456~0~7be7028ea9c3e574~yes~yes#@$T~N~794.03125~-882~0~#000080~Arial~~~~~comment~1K~1~start~gge2427~0~pinpart#@$T~P~794.03125~-891.0078125~0~#000080~Arial~~~~~comment~R5~1~start~gge2429~0~pinpart#@$P~show~1~2~820~-875~0~gge2431~0^^820~-875^^M 820 -875 h -10~#000000^^0~805~-872~0~2~end~~~#000000^^0~815~-876~0~2~start~~~#000000^^0~813~-875^^0~M 810 -878 L 807 -875 L 810 -872#@$P~show~1~1~780~-875~180~gge2438~0^^780~-875^^M 780 -875 h 10~#000000^^0~795~-872~0~1~start~~~#000000^^0~785~-876~0~1~end~~~#000000^^0~787~-875^^0~M 790 -872 L 793 -875 L 790 -878#@$R~790~-879~~~20~8~#880000~1~0~none~gge2445~0~",
          "LIB~825~-865~package`R1210`BOM_Supplier`LCSC`BOM_Manufacturer`UniOhm`BOM_Manufacturer Part`1210W3F1001T5E`nameAlias`Resistance (Ohms)`BOM_Supplier Part`C52444`SMT Type`Extend`BOM_JLCPCB SMD`Yes`BOM_LCSC Assembly`Yes`spicePre`R`spiceSymbolName`1210W3F1001T5E`Package Display`No`BOM_link`https://item.taobao.com/item.htm?spm=a312a.7700824.w4002-22706186256.10.4139570fzmvoHx&id=601885774513`~~0~ggec116d687bce5418d~c9096ef99b8540f5a8207dff5e428311~e2613afd226bc56b21e424c0b426d456~0~ea1786534a35ed5c~yes~yes#@$T~N~819.03125~-872~0~#000080~Arial~~~~~comment~1K~1~start~gge2448~0~pinpart#@$T~P~819.03125~-881.0078125~0~#000080~Arial~~~~~comment~R6~1~start~gge2450~0~pinpart#@$P~show~1~2~845~-865~0~gge2452~0^^845~-865^^M 845 -865 h -10~#000000^^0~830~-862~0~2~end~~~#000000^^0~840~-866~0~2~start~~~#000000^^0~838~-865^^0~M 835 -868 L 832 -865 L 835 -862#@$P~show~1~1~805~-865~180~gge2459~0^^805~-865^^M 805 -865 h 10~#000000^^0~820~-862~0~1~start~~~#000000^^0~810~-866~0~1~end~~~#000000^^0~812~-865^^0~M 815 -862 L 818 -865 L 815 -868#@$R~815~-869~~~20~8~#880000~1~0~none~gge2466~0~",
          "W~820 -875 855 -875~#008800~1~0~none~gge2467~0",
          "W~805 -865 765 -865~#008800~1~0~none~gge2468~0",
          "W~845 -865 855 -865~#008800~1~0~none~gge2469~0",
          "F~part_netLabel_netPort~855~-845~90~gge2470~~0^^855~-845^^VIN~#0000FF~860~-804.53~270~start~1~Times New Roman~8pt~flag_gge7^^PL~855 -845 860 -840 860 -825 850 -825 850 -840 855 -845~#0000FF~1~0~transparent~gge2474~0",
          "LIB~1125~-710~package`SW-TH_4P-L6.0-W6.0-P4.50-LS6.5`BOM_Supplier`LCSC`BOM_Supplier Part`C620307`BOM_Manufacturer`USAKRO`BOM_Manufacturer Part`UK-B0202-G10-160`Contributor`LCSC`BOM_LCSC Assembly`Yes`SMT Type`Extend`BOM_Paste Type`expand`spicePre`S`spiceSymbolName`UK-B0202-G10-160`~90~0~gge53248890dc7d0c9a~153ed004b0794cb6b8a2ebde7a1aabdf~4ba508ac351d44798c22d630aa1529a9~0~cea9948a9fb1b631~yes~yes#@$T~N~1139~-697.765625~0~#000080~Arial~~~~~comment~UK-B0202-G10-160~0~start~gge2477~0~pinpart#@$T~P~1139.0078125~-706.7734375~0~#000080~Arial~~~~~comment~SW2~1~start~gge2479~0~pinpart#@$P~show~0~4~1135~-730~90~gge2481~0^^1135~-730^^M 1135 -730 v 10~#880000^^0~1138~-718~270~4~end~~~#0000FF^^1~1134~-720~270~4~start~~~#0000FF^^0~1135~-723^^0~M 1132 -720 L 1135 -717 L 1138 -720#@$P~show~0~3~1135~-690~270~gge2488~0^^1135~-690^^M 1135 -690 v -10~#880000^^0~1138~-702~270~3~start~~~#0000FF^^1~1134~-700~270~3~end~~~#0000FF^^0~1135~-697^^0~M 1138 -700 L 1135 -703 L 1132 -700#@$P~show~0~2~1115~-730~90~gge2495~0^^1115~-730^^M 1115 -730 v 10~#880000^^0~1118~-718~270~2~end~~~#0000FF^^1~1114~-720~270~2~start~~~#0000FF^^0~1115~-723^^0~M 1112 -720 L 1115 -717 L 1118 -720#@$P~show~0~1~1115~-690~270~gge2502~0^^1115~-690^^M 1115 -690 v -10~#880000^^0~1118~-702~270~1~start~~~#0000FF^^1~1114~-700~270~1~end~~~#0000FF^^0~1115~-697^^0~M 1118 -700 L 1115 -703 L 1112 -700#@$PL~1115 -700 1115 -720~#880000~1~0~none~gge2509~0#@$PL~1135 -700 1135 -720~#880000~1~0~none~gge2510~0#@$PL~1131 -708 1119 -705~#880000~1~0~none~gge2511~0#@$PL~1133 -710 1135 -710~#880000~1~0~none~gge2512~0#@$PL~1118 -710 1115 -710~#880000~1~0~none~gge2513~0#@$E~1120~-710~1.5~1.5~#880000~1~0~none~gge2514~0#@$E~1131~-710~1.5~1.5~#880000~1~0~none~gge2515~0",
          "LIB~1095~-710~package`SW-TH_4P-L6.0-W6.0-P4.50-LS6.5`BOM_Supplier`LCSC`BOM_Supplier Part`C620307`BOM_Manufacturer`USAKRO`BOM_Manufacturer Part`UK-B0202-G10-160`Contributor`LCSC`BOM_LCSC Assembly`Yes`SMT Type`Extend`BOM_Paste Type`expand`spicePre`S`spiceSymbolName`UK-B0202-G10-160`~90~0~gge163d79220cc78ca6~153ed004b0794cb6b8a2ebde7a1aabdf~4ba508ac351d44798c22d630aa1529a9~0~23fd5d5bcd40317b~yes~yes#@$T~N~1109~-697.765625~0~#000080~Arial~~~~~comment~UK-B0202-G10-160~0~start~gge2518~0~pinpart#@$T~P~1109.0078125~-706.7734375~0~#000080~Arial~~~~~comment~SW1~1~start~gge2520~0~pinpart#@$P~show~0~4~1105~-730~90~gge2522~0^^1105~-730^^M 1105 -730 v 10~#880000^^0~1108~-718~270~4~end~~~#0000FF^^1~1104~-720~270~4~start~~~#0000FF^^0~1105~-723^^0~M 1102 -720 L 1105 -717 L 1108 -720#@$P~show~0~3~1105~-690~270~gge2529~0^^1105~-690^^M 1105 -690 v -10~#880000^^0~1108~-702~270~3~start~~~#0000FF^^1~1104~-700~270~3~end~~~#0000FF^^0~1105~-697^^0~M 1108 -700 L 1105 -703 L 1102 -700#@$P~show~0~2~1085~-730~90~gge2536~0^^1085~-730^^M 1085 -730 v 10~#880000^^0~1088~-718~270~2~end~~~#0000FF^^1~1084~-720~270~2~start~~~#0000FF^^0~1085~-723^^0~M 1082 -720 L 1085 -717 L 1088 -720#@$P~show~0~1~1085~-690~270~gge2543~0^^1085~-690^^M 1085 -690 v -10~#880000^^0~1088~-702~270~1~start~~~#0000FF^^1~1084~-700~270~1~end~~~#0000FF^^0~1085~-697^^0~M 1088 -700 L 1085 -703 L 1082 -700#@$PL~1085 -700 1085 -720~#880000~1~0~none~gge2550~0#@$PL~1105 -700 1105 -720~#880000~1~0~none~gge2551~0#@$PL~1101 -708 1089 -705~#880000~1~0~none~gge2552~0#@$PL~1103 -710 1105 -710~#880000~1~0~none~gge2553~0#@$PL~1088 -710 1085 -710~#880000~1~0~none~gge2554~0#@$E~1090~-710~1.5~1.5~#880000~1~0~none~gge2555~0#@$E~1101~-710~1.5~1.5~#880000~1~0~none~gge2556~0",
          "W~140 -235 140 -210 115 -210~#008800~1~0~none~gge2557~0",
          "LIB~160~-275~package`RV17-K2 B10`BOM_Manufacturer``BOM_Manufacturer Part``BOM_Supplier Part``BOM_Supplier``link`https://item.taobao.com/item.htm?spm=2013.1.1997525049.2.387c75b1mpazmd&id=600827000583`Contributor`cephaswang`spicePre`U`spiceSymbolName`w148_sw`Package Display`Yes`~180~0~ggef78cfaf87f04a09f~f07a518cad5249e19cc364c44d5ee419~cd5a00201f554583aa8ee4683cc0b7fc~0~c2dff1d52df18898~yes~yes#@$T~N~138~-300~0~#000080~Arial~~~~~comment~w148_sw~1~start~gge2560~0~pinpart#@$T~P~138~-308.84375~0~#000080~Arial~~~~~comment~U4~1~start~gge2562~0~pinpart#@$PL~149.71 -275.21 151.71 -279.21~#8D2323~1~0~none~gge2564~0#@$PL~151.71 -279.21 153.71 -271.21~#8D2323~1~0~none~gge2565~0#@$PL~153.71 -271.21 156.71 -279.21~#8D2323~1~0~none~gge2566~0#@$PL~156.71 -279.21 158.71 -271.21~#8D2323~1~0~none~gge2567~0#@$PL~158.71 -271.21 160.71 -279.21~#8D2323~1~0~none~gge2568~0#@$PL~160.71 -279.21 163.71 -271.21~#8D2323~1~0~none~gge2569~0#@$PL~163.71 -271.21 165.71 -279.21~#8D2323~1~0~none~gge2570~0#@$PL~165.71 -279.21 168.71 -271.21~#8D2323~1~0~none~gge2571~0#@$PL~168.71 -271.21 169.71 -275.21~#8D2323~1~0~none~gge2572~0#@$PL~159.71 -285.21 159.71 -281.21~#880000~1~0~none~gge2573~0#@$P~show~0~3~140~-275~180~gge2574~0^^140~-275^^M 140 -275 h 10~#8D2323^^0~153.7109375~-271.7890625~0~3~start~~~#8D2323^^1~145.7109375~-275.7890625~0~3~end~~~#0000FF^^0~147~-275^^0~M 150 -272 L 153 -275 L 150 -278#@$P~show~0~1~180~-275~0~gge2581~0^^180~-275^^M 180 -275 h -10~#8D2323^^0~187~-274.0000625~0~1~end~~~#8D2323^^1~173.7109375~-275.7890625~0~1~start~~~#0000FF^^0~173~-275^^0~M 170 -278 L 167 -275 L 170 -272#@$PG~157.71 -285.21 159.71 -281.21 161.71 -285.21~#880000~1~0~none~gge2588~0#@$E~170.7109375~-278.2109375~1~1~#A00000~1~0~none~gge2589~0#@$P~show~0~2~160~-295~90~gge2590~0^^160~-295^^M 160 -295 v 10~#880000^^0~163.2890625~-283.2109375~270~2~end~~~#0000FF^^1~159.2890625~-290.2109375~270~2~start~~~#0000FF^^0~160~-288^^0~M 157 -285 L 160 -282 L 163 -285#@$PL~140 -255 140 -255 152 -255 149 -254~#880000~1~0~none~gge2597~0#@$P~show~0~5~140~-235~270~gge2598~0^^140~-235^^M 140 -235 v -20~#880000^^0~143~-257~270~5~start~~~#0000FF^^1~139~-250~270~5~end~~~#0000FF^^0~140~-252^^0~M 143 -255 L 140 -258 L 137 -255#@$PL~180 -250 180 -265 161 -265 161 -258 165 -250~#880000~1~0~none~gge2605~0#@$PL~152 -255 149 -256~#880000~1~0~none~gge2606~0#@$P~show~0~4~180~-235~270~gge2607~0^^180~-235^^M 180 -235 v -20~#880000^^0~183~-256~270~4~start~~~#0000FF^^1~179~-250~270~4~end~~~#0000FF^^0~180~-252^^0~M 183 -255 L 180 -258 L 177 -255#@$T~PK~131.234375~-222.484375~0~#000080~Arial~~~~~comment~RV17-K2 B10~1~start~gge2614~0~pinpart",
          "W~180 -275 195 -275~#008800~1~0~none~gge2616~0",
          "W~105 -275 140 -275~#008800~1~0~none~gge2617~0",
          "W~235 -275 240 -275~#008800~1~0~none~gge2618~0",
          "F~part_netLabel_VCC~240~-275~270~gge2619~~0^^240~-275^^VCC~#000000~252.8046875~-270.921875~0~start~1~Times New Roman~9pt~flag_gge8^^PL~250 -275 240 -275~#000000~1~0~transparent~gge2623~0^^PL~250 -280 250 -270~#000000~1~0~transparent~gge2624~0",
          "F~part_netLabel_netPort~115~-210~0~gge2625~~0^^115~-210^^VIN~#0000FF~93.5~-205~0~end~1~Times New Roman~8pt~flag_gge9^^PL~115 -210 110 -205 95 -205 95 -215 110 -215 115 -210~#0000FF~1~0~transparent~gge2629~0",
          "LIB~415~-265~package`SOT-223-3_L6.5-W3.4-P2.30-LS7.0-BR`sourceId`dwIGgezVh`timeStamp`1476261164`BOM_Supplier`LCSC`BOM_Manufacturer`AMS`BOM_Manufacturer Part`AMS1117-3.3`image`//image.lceda.cn/szlcsc/C6186.jpg`BOM_Supplier Part`C6186`SMT Type`Basic`BOM_JLCPCB SMD`Yes`BOM_LCSC Assembly`Yes`BOM_Paste Type`base`spicePre`U`spiceSymbolName`AMS1117-3.3`Package Display`No`BOM_link`https://item.taobao.com/item.htm?spm=a312a.7700824.w4002-22706186256.10.3433570f2SnVmA&id=601885570358`~90~0~gge32afdd8c92c3391c~9082a541b5494ed9bac7de7d69bd2f2d~588dac9f81df8f83843513972963b454~0~e0bf9a81dd00de64~yes~yes#@$T~N~437~-252.65625~0~#000080~Arial~~~~~comment~AMS1117-3.3~1~start~gge2632~0~pinpart#@$T~P~437~-261.7890625~0~#000080~Arial~~~~~comment~U5~1~start~gge2634~0~pinpart#@$R~395~-300~2~2~40~70~#880000~1~0~none~gge2636~0~#@$E~400~-235~1.5~1.5~#880000~1~0~#880000~gge2637~0#@$P~show~0~1~405~-220~270~gge2638~0^^405~-220^^M 405 -220 v -10~#000000^^1~409~-233.7~270~GND/ADJ~start~~~#000000^^1~404~-229.5~270~1~end~~~#000000^^0~405~-227^^0~M 408 -230 L 405 -233 L 402 -230#@$P~show~0~2~415~-220~270~gge2645~0^^415~-220^^M 415 -220 v -10~#880000^^1~419~-233.7~270~Vout~start~~~#0000FF^^1~414~-229.5~270~2~end~~~#0000FF^^0~415~-227^^0~M 418 -230 L 415 -233 L 412 -230#@$P~show~0~3~425~-220~270~gge2652~0^^425~-220^^M 425 -220 v -10~#880000^^1~429~-233.7~270~Vin~start~~~#0000FF^^1~424~-229.5~270~3~end~~~#0000FF^^0~425~-227^^0~M 428 -230 L 425 -233 L 422 -230#@$P~show~0~4~415~-310~90~gge2659~0^^415~-310^^M 415 -310 v 10~#880000^^1~419~-296.3~270~Vout~end~~~#0000FF^^1~414~-300.5~270~4~start~~~#0000FF^^0~415~-303^^0~M 412 -300 L 415 -297 L 418 -300",
          "F~part_netLabel_VCC~330~-210~0~gge2666~~0^^330~-210^^5V~#000000~322.7265625~-223.3515625~0~start~1~Times New Roman~9pt~flag_gge10^^PL~330 -220 330 -210~#000000~1~0~transparent~gge2670~0^^PL~325 -220 335 -220~#000000~1~0~transparent~gge2671~0",
          "W~180 -235 180 -210 330 -210~#008800~1~0~none~gge2672~0",
          "F~part_netLabel_VCC~570~-185~0~gge2674~~0^^570~-185^^VCC~#000000~557.765625~-198.359375~0~start~1~Times New Roman~9pt~flag_gge11^^PL~570 -195 570 -185~#000000~1~0~transparent~gge2678~0^^PL~565 -195 575 -195~#000000~1~0~transparent~gge2679~0",
          "W~415 -220 415 -185 570 -185 570 -125~#008800~1~0~none~gge2680~0",
          "LIB~570~-105~package`C1210`BOM_Supplier`LCSC`BOM_Manufacturer`HEC`BOM_Manufacturer Part`C1210X106K050T`nameAlias`Capacitance`Contributor`LCSC`BOM_Supplier Part`C172721`spicePre`C`spiceSymbolName`C1210X106K050T`Package Display`Yes`~90~0~gge1fa7ce67f78c4e11~87afe36a98a54c1e9245294679915281~06f604be720a4022b4d6115566c466ff~0~239163d86ee9a67b~yes~yes#@$T~N~580~-92.8125~0~#000080~Arial~~~~~comment~10uF~1~start~gge2683~0~pinpart#@$T~P~580~-101.66~0~#000080~Arial~~~~~comment~C4~1~start~gge2685~0~pinpart#@$PL~562 -107 578 -107~#A00000~1~0~none~gge2687~0#@$P~show~0~1~570~-125~90~gge2688~0^^570~-125^^M 570 -115 v -10~#800^^0~570~-111~270~1~end~~~#800^^0~566~-119~270~1~start~~~#800^^0~570~-138^^0~M 567 -135 L 570 -132 L 573 -135#@$PL~570 -95 570 -103~#A00000~1~0~none~gge2695~0#@$PL~578 -103 562 -103~#A00000~1~0~none~gge2696~0#@$P~show~0~2~570~-85~270~gge2697~0^^570~-85^^M 570 -95 v 10~#800^^0~570~-99~270~2~start~~~#800^^0~566~-91~270~2~end~~~#800^^0~570~-72^^0~M 573 -75 L 570 -78 L 567 -75#@$PL~570 -107 570 -115~#A00000~1~0~none~gge2704~0#@$T~PK~562~-73~0~#000080~Arial~~~~~comment~C1210~1~start~gge2705~0~pinpart",
          "LIB~330~-165~package`C1210`BOM_Supplier`LCSC`BOM_Manufacturer`HEC`BOM_Manufacturer Part`C1210X106K050T`nameAlias`Capacitance`Contributor`LCSC`BOM_Supplier Part`C172721`spicePre`C`spiceSymbolName`C1210X106K050T`Package Display`Yes`BOM_link`https://item.taobao.com/item.htm?spm=a312a.7700824.w4002-22706186256.10.22e3570f5qotFx&id=599463291174`~90~0~gge31d830a580936012~87afe36a98a54c1e9245294679915281~06f604be720a4022b4d6115566c466ff~0~4891a80db0a42c4d~yes~yes#@$T~N~340~-152.65625~0~#000080~Arial~~~~~comment~10uF~1~start~gge2709~0~pinpart#@$T~P~340.71875~-161.7890625~0~#000080~Arial~~~~~comment~C3~1~start~gge2711~0~pinpart#@$PL~322 -167 338 -167~#A00000~1~0~none~gge2713~0#@$P~show~0~1~330~-185~90~gge2714~0^^330~-185^^M 330 -175 v -10~#800^^0~330~-171~270~1~end~~~#800^^0~326~-179~270~1~start~~~#800^^0~330~-198^^0~M 327 -195 L 330 -192 L 333 -195#@$PL~330 -155 330 -163~#A00000~1~0~none~gge2721~0#@$PL~338 -163 322 -163~#A00000~1~0~none~gge2722~0#@$P~show~0~2~330~-145~270~gge2723~0^^330~-145^^M 330 -155 v 10~#800^^0~330~-159~270~2~start~~~#800^^0~326~-151~270~2~end~~~#800^^0~330~-132^^0~M 333 -135 L 330 -138 L 327 -135#@$PL~330 -167 330 -175~#A00000~1~0~none~gge2730~0#@$T~PK~341.2578125~-141.75~0~#000080~Arial~~~~~comment~C1210~1~start~gge2731~0~pinpart",
          "W~425 -220 425 -210 330 -210~#008800~1~0~none~gge2733~0",
          "W~405 -220 405 -60~#008800~1~0~none~gge2734~0",
          "F~part_netLabel_gnD~330~-60~0~gge2735~~0^^330~-60^^GND~#000000~317~-34~0~start~1~Times New Roman~9pt~flag_gge12^^PL~330 -50 330 -60~#000000~1~0~transparent~gge2739~0^^PL~321 -50 339 -50~#000000~1~0~transparent~gge2740~0^^PL~324 -48 336 -48~#000000~1~0~transparent~gge2741~0^^PL~327 -46 333 -46~#000000~1~0~transparent~gge2742~0^^PL~329 -44 331 -44~#000000~1~0~transparent~gge2743~0",
          "W~570 -85 570 -60~#008800~1~0~none~gge2744~0",
          "W~570 -60 330 -60 330 -145~#008800~1~0~none~gge2745~0",
          "W~330 -185 330 -210~#008800~1~0~none~gge2746~0",
          "F~part_netLabel_gnD~105~-275~270~gge2747~~0^^105~-275^^GND~#000000~60.5078125~-271.0078125~0~start~1~Times New Roman~9pt~flag_gge13^^PL~95 -275 105 -275~#000000~1~0~transparent~gge2751~0^^PL~95 -284 95 -266~#000000~1~0~transparent~gge2752~0^^PL~93 -281 93 -269~#000000~1~0~transparent~gge2753~0^^PL~91 -278 91 -272~#000000~1~0~transparent~gge2754~0^^PL~89 -276 89 -274~#000000~1~0~transparent~gge2755~0",
          "F~part_netLabel_netPort~160~-295~270~gge2756~~0^^160~-295^^U2-ADC~#0000FF~163.12~-317.4~270~start~1~Times New Roman~8pt~flag_gge14^^PL~160 -295 155 -300 155 -315 165 -315 165 -300 160 -295~#0000FF~1~0~transparent~gge2760~0",
          "LIB~275~-115~package`SMB_L4.6-W3.6-LS5.3-BI`BOM_Supplier`LCSC`BOM_Supplier Part`C383713`BOM_Manufacturer`Bourne Semicon (Shenzhen)`BOM_Manufacturer Part`SMBJ6.8CA`Contributor`LCSC`SMT Type`Extend`BOM_JLCPCB SMD`Yes`BOM_LCSC Assembly`Yes`BOM_Paste Type`expand`spicePre`D`spiceSymbolName`SMBJ6.8CA_C383713`Package Display`No`~90~0~gge1bf4ac943671c3ef~2df20b8592c1418bb806d41867ec78de~9615a738ea1b4c89a54d2f0074aa765c~0~dc0bdf86e5d551ae~yes~yes#@$T~N~283~-102.828125~0~#000080~Arial~~~~~comment~SMBJ6.8CA_C383713~1~start~gge2763~0~pinpart#@$T~P~283~-111.83~0~#000080~Arial~~~~~comment~D4~1~start~gge2765~0~pinpart#@$P~show~0~2~275~-135~90~gge2767~0^^275~-135^^M 275 -135 v 10~#8D2323^^0~278~-122~270~2~end~~~#8D2323^^0~274~-126~270~2~start~~~#8D2323^^0~275~-128^^0~M 272 -125 L 275 -122 L 278 -125#@$P~show~0~1~275~-95~270~gge2774~0^^275~-95^^M 275 -95 v -10~#8D2323^^0~278~-108~270~1~start~~~#8D2323^^0~274~-104~270~1~end~~~#8D2323^^0~275~-102^^0~M 278 -105 L 275 -108 L 272 -105#@$PG~270 -105 275 -115 280 -105~#880000~1~0~none~gge2781~0#@$PG~270 -125 275 -115 280 -125~#880000~1~0~none~gge2782~0#@$PL~269 -113 269 -113 269 -115 281 -115 281 -117 281 -117~#880000~1~0~none~gge2783~0",
          "W~275 -135 275 -210~#008800~1~0~none~gge2784~0",
          "W~275 -95 275 -60 330 -60~#008800~1~0~none~gge2785~0",
          "W~485 -115 485 -60~#008800~1~0~none~gge2786~0",
          "F~part_netLabel_netPort~625~-875~0~gge2787~~0^^625~-875^^U2-RT~#0000FF~574.55~-871.44~0~start~1~Times New Roman~8pt~flag_gge15^^PL~625 -875 620 -870 605 -870 605 -880 620 -880 625 -875~#0000FF~1~0~transparent~gge2791~0",
          "LIB~1120~-830~package`RES-ARRAY-SMD_1206-8P-L5.1-W3.1-BL`BOM_Supplier`LCSC`BOM_Supplier Part`C183863`BOM_Manufacturer`Ever Ohms Tech`BOM_Manufacturer Part`CRA064RJ10KE04`nameAlias`Resistance (Ohms)`Contributor`LCSC`BOM_Paste Type`expand`spicePre`R`spiceSymbolName`CRA064RJ10KE04`~90~0~gge3ea7a9601d21f442~495959b074744118bc4a1bfb3e5817e1~9eaddf0fa6044fabad2bd5ba620c9ba7~0~66daed27c39cc36f~yes~yes#@$T~N~1147~-818~0~#000080~Arial~~~~~comment~10K~1~start~gge2794~0~pinpart#@$T~P~1147~-827~0~#000080~Arial~~~~~comment~RN1~1~start~gge2796~0~pinpart#@$P~show~1~1~1105~-795~270~gge2798~0^^1105~-795^^M 1105 -795 v -20~#000000^^0~1108~-820~270~1~start~~~#000000^^0~1104~-810~270~1~end~~~#000000^^0~1105~-812^^0~M 1108 -815 L 1105 -818 L 1102 -815#@$P~show~1~2~1115~-795~270~gge2805~0^^1115~-795^^M 1115 -795 v -20~#000000^^0~1118~-820~270~2~start~~~#000000^^0~1114~-810~270~2~end~~~#000000^^0~1115~-812^^0~M 1118 -815 L 1115 -818 L 1112 -815#@$P~show~1~3~1125~-795~270~gge2812~0^^1125~-795^^M 1125 -795 v -20~#000000^^0~1128~-820~270~3~start~~~#000000^^0~1124~-810~270~3~end~~~#000000^^0~1125~-812^^0~M 1128 -815 L 1125 -818 L 1122 -815#@$P~show~1~4~1135~-795~270~gge2819~0^^1135~-795^^M 1135 -795 v -20~#000000^^0~1138~-820~270~4~start~~~#000000^^0~1134~-810~270~4~end~~~#000000^^0~1135~-812^^0~M 1138 -815 L 1135 -818 L 1132 -815#@$P~show~1~5~1135~-865~90~gge2826~0^^1135~-865^^M 1135 -865 v 20~#000000^^0~1138~-840~270~5~end~~~#000000^^0~1134~-850~270~5~start~~~#000000^^0~1135~-848^^0~M 1132 -845 L 1135 -842 L 1138 -845#@$P~show~1~6~1125~-865~90~gge2833~0^^1125~-865^^M 1125 -865 v 20~#000000^^0~1128~-840~270~6~end~~~#000000^^0~1124~-850~270~6~start~~~#000000^^0~1125~-848^^0~M 1122 -845 L 1125 -842 L 1128 -845#@$P~show~1~7~1115~-865~90~gge2840~0^^1115~-865^^M 1115 -865 v 20~#000000^^0~1118~-840~270~7~end~~~#000000^^0~1114~-850~270~7~start~~~#000000^^0~1115~-848^^0~M 1112 -845 L 1115 -842 L 1118 -845#@$P~show~1~8~1105~-865~90~gge2847~0^^1105~-865^^M 1105 -865 v 20~#000000^^0~1108~-840~270~8~end~~~#000000^^0~1104~-850~270~8~start~~~#000000^^0~1105~-848^^0~M 1102 -845 L 1105 -842 L 1108 -845#@$PL~1135 -815 1135 -821~#880000~1~0~none~gge2854~0#@$PL~1095 -815 1145 -815~#880000~1~0~none~gge2855~0#@$PL~1095 -845 1145 -845~#880000~1~0~none~gge2856~0#@$PL~1105 -815 1105 -821~#880000~1~0~none~gge2857~0#@$PL~1125 -815 1125 -821~#880000~1~0~none~gge2858~0#@$PL~1095 -815 1095 -845~#880000~1~0~none~gge2859~0#@$PL~1115 -815 1115 -821~#880000~1~0~none~gge2860~0#@$PL~1103 -821 1103 -839~#880000~1~0~none~gge2861~0#@$PL~1103 -821 1107 -821 1107 -839 1103 -839~#880000~1~0~none~gge2862~0#@$PL~1113 -821 1113 -839~#880000~1~0~none~gge2863~0#@$PL~1113 -821 1117 -821 1117 -839 1113 -839~#880000~1~0~none~gge2864~0#@$PL~1123 -821 1123 -839~#880000~1~0~none~gge2865~0#@$PL~1123 -821 1127 -821 1127 -839 1123 -839~#880000~1~0~none~gge2866~0#@$PL~1133 -821 1133 -839~#880000~1~0~none~gge2867~0#@$PL~1133 -821 1137 -821 1137 -839 1133 -839~#880000~1~0~none~gge2868~0#@$PL~1105 -839 1105 -845~#880000~1~0~none~gge2869~0#@$PL~1115 -839 1115 -845~#880000~1~0~none~gge2870~0#@$PL~1125 -839 1125 -845~#880000~1~0~none~gge2871~0#@$PL~1135 -839 1135 -845~#880000~1~0~none~gge2872~0#@$PL~1145 -815 1145 -845~#880000~1~0~none~gge2873~0",
          "F~part_netLabel_netPort~1125~-795~90~gge2874~~0^^1125~-795^^U2-EN~#0000FF~1128.7~-743.61~270~start~1~Times New Roman~8pt~flag_gge16^^PL~1125 -795 1130 -790 1130 -775 1120 -775 1120 -790 1125 -795~#0000FF~1~0~transparent~gge2878~0",
          "F~part_netLabel_VCC~1105~-890~0~gge2879~~0^^1105~-890^^VCC~#000000~1092.90625~-903.0078125~0~start~1~Times New Roman~9pt~flag_gge17^^PL~1105 -900 1105 -890~#000000~1~0~transparent~gge2883~0^^PL~1100 -900 1110 -900~#000000~1~0~transparent~gge2884~0",
          "W~1130 -735 1115 -735~#008800~1~0~none~gge2885~0",
          "W~1115 -795 1115 -730~#008800~1~0~none~gge2886~0",
          "F~part_netLabel_netPort~1130~-735~180~gge2887~~0^^1130~-735^^U2-RT~#0000FF~1151.61~-731.42~0~start~1~Times New Roman~8pt~flag_gge18^^PL~1130 -735 1135 -740 1150 -740 1150 -730 1135 -730 1130 -735~#0000FF~1~0~transparent~gge2891~0",
          "W~1085 -690 1085 -675 1105 -675 1115 -675 1135 -675 1135 -690~#008800~1~0~none~gge2892~0",
          "F~part_netLabel_netPort~1080~-760~0~gge2894~~0^^1080~-760^^U2-0~#0000FF~1037.13~-756.07~0~start~1~Times New Roman~8pt~flag_gge19^^PL~1080 -760 1075 -755 1060 -755 1060 -765 1075 -765 1080 -760~#0000FF~1~0~transparent~gge2898~0",
          "W~1125 -865 1105 -865 1105 -890~#008800~1~0~none~gge2899~0",
          "F~part_netLabel_gnD~1105~-665~0~gge2900~~0^^1105~-665^^GND~#000000~1092~-639~0~start~1~Times New Roman~9pt~flag_gge20^^PL~1105 -655 1105 -665~#000000~1~0~transparent~gge2904~0^^PL~1096 -655 1114 -655~#000000~1~0~transparent~gge2905~0^^PL~1099 -653 1111 -653~#000000~1~0~transparent~gge2906~0^^PL~1102 -651 1108 -651~#000000~1~0~transparent~gge2907~0^^PL~1104 -649 1106 -649~#000000~1~0~transparent~gge2908~0",
          "W~1105 -795 1105 -760 1080 -760~#008800~1~0~none~gge2909~0",
          "W~1105 -760 1105 -730~#008800~1~0~none~gge2910~0",
          "W~1080 -760 1105 -760~#008800~1~0~none~gge2911~0",
          "T~L~1045~-740~0~#0000FF~~9pt~~~~comment~FLASH~1~start~gge2912~0~pinpart",
          "F~part_netLabel_gnD~765~-805~90~gge3208~~0^^765~-805^^GND~#000000~782.21875~-801.078125~0~start~1~Times New Roman~9pt~flag_gge21^^PL~775 -805 765 -805~#000000~1~0~transparent~gge3212~0^^PL~775 -796 775 -814~#000000~1~0~transparent~gge3213~0^^PL~777 -799 777 -811~#000000~1~0~transparent~gge3214~0^^PL~779 -802 779 -808~#000000~1~0~transparent~gge3215~0^^PL~781 -804 781 -806~#000000~1~0~transparent~gge3216~0",
          "F~part_netLabel_netPort~765~-825~180~gge3223~~0^^765~-825^^U2-2~#0000FF~786.26~-821.93~0~start~1~Times New Roman~8pt~flag_gge22^^PL~765 -825 770 -830 785 -830 785 -820 770 -820 765 -825~#0000FF~1~0~transparent~gge3227~0",
          "F~part_netLabel_netPort~765~-835~180~gge3228~~0^^765~-835^^U2-0~#0000FF~786.26~-831.93~0~start~1~Times New Roman~8pt~flag_gge23^^PL~765 -835 770 -840 785 -840 785 -830 770 -830 765 -835~#0000FF~1~0~transparent~gge3232~0",
          "F~part_netLabel_netPort~765~-845~180~gge3233~~0^^765~-845^^U2-4~#0000FF~786.26~-841.93~0~start~1~Times New Roman~8pt~flag_gge24^^PL~765 -845 770 -850 785 -850 785 -840 770 -840 765 -845~#0000FF~1~0~transparent~gge3237~0",
          "F~part_netLabel_netPort~765~-855~180~gge3238~~0^^765~-855^^U2-5~#0000FF~786.26~-851.93~0~start~1~Times New Roman~8pt~flag_gge25^^PL~765 -855 770 -860 785 -860 785 -850 770 -850 765 -855~#0000FF~1~0~transparent~gge3242~0",
          "F~part_netLabel_netPort~625~-865~0~gge3243~~0^^625~-865^^U2-ADC~#0000FF~563.96~-861.46~0~start~1~Times New Roman~8pt~flag_gge26^^PL~625 -865 620 -860 605 -860 605 -870 620 -870 625 -865~#0000FF~1~0~transparent~gge3247~0",
          "F~part_netLabel_netPort~625~-845~0~gge3248~~0^^625~-845^^U2-16~#0000FF~573.96~-841.46~0~start~1~Times New Roman~8pt~flag_gge27^^PL~625 -845 620 -840 605 -840 605 -850 620 -850 625 -845~#0000FF~1~0~transparent~gge3252~0",
          "F~part_netLabel_netPort~625~-835~0~gge3253~~0^^625~-835^^U2-14~#0000FF~573.96~-831.46~0~start~1~Times New Roman~8pt~flag_gge28^^PL~625 -835 620 -830 605 -830 605 -840 620 -840 625 -835~#0000FF~1~0~transparent~gge3257~0",
          "F~part_netLabel_netPort~625~-825~0~gge3258~~0^^625~-825^^U2-12~#0000FF~573.96~-821.46~0~start~1~Times New Roman~8pt~flag_gge29^^PL~625 -825 620 -820 605 -820 605 -830 620 -830 625 -825~#0000FF~1~0~transparent~gge3262~0",
          "F~part_netLabel_netPort~625~-815~0~gge3263~~0^^625~-815^^U2-13~#0000FF~573.96~-811.46~0~start~1~Times New Roman~8pt~flag_gge30^^PL~625 -815 620 -810 605 -810 605 -820 620 -820 625 -815~#0000FF~1~0~transparent~gge3267~0",
          "F~part_netLabel_netPort~765~-815~180~gge3268~~0^^765~-815^^U2-15~#0000FF~786.4~-811.93~0~start~1~Times New Roman~8pt~flag_gge31^^PL~765 -815 770 -820 785 -820 785 -810 770 -810 765 -815~#0000FF~1~0~transparent~gge3272~0",
          "LIB~695~-825~package`WIFIM-SMD_ESP-12F-ESP8266MOD`BOM_Supplier`LCSC`BOM_Manufacturer`Ai-Thinker`BOM_Manufacturer Part`ESP-12F(ESP8266MOD)`BOM_Supplier Part`C82891`BOM_Assembly Type`smtWeld`BOM_Paste Type`recommend`spicePre`U`spiceSymbolName`ESP-12F(ESP8266MOD)`Package Display`No`~~0~gge988b4681e9d30872~21bb26c585544e17a64bb2b57131b3de~b5953d65a4054165b11dfc39ebcbd953~0~d61fb033f5bc0e0a~yes~yes#@$T~N~688.78125~-890~0~#000080~Arial~~~~~comment~ESP-12F(ESP8266MOD)~1~start~gge3275~0~pinpart#@$T~P~688.78125~-899.125~0~#000080~Arial~~~~~comment~U3~1~start~gge3277~0~pinpart#@$E~650~-882~1.5~1.5~#880000~1~0~#880000~gge3279~0#@$R~645~-887~2~2~100~112~#880000~1~0~none~gge3280~0~#@$E~650~-882~1.5~1.5~#880000~1~0~#880000~gge3281~0#@$P~show~0~1~625~-875~180~gge3282~0^^625~-875^^M 625 -875 h 20~#880000^^1~648.7~-871~0~RST~start~~~#0000FF^^1~639.5~-876~0~1~end~~~#0000FF^^0~642~-875^^0~M 645 -872 L 648 -875 L 645 -878#@$P~show~0~2~625~-865~180~gge3289~0^^625~-865^^M 625 -865 h 20~#880000^^1~648.7~-861~0~ADC~start~~~#0000FF^^1~639.5~-866~0~2~end~~~#0000FF^^0~642~-865^^0~M 645 -862 L 648 -865 L 645 -868#@$P~show~0~3~625~-855~180~gge3296~0^^625~-855^^M 625 -855 h 20~#880000^^1~648.7~-851~0~EN(CH-PD)~start~~~#0000FF^^1~639.5~-856~0~3~end~~~#0000FF^^0~642~-855^^0~M 645 -852 L 648 -855 L 645 -858#@$P~show~0~4~625~-845~180~gge3303~0^^625~-845^^M 625 -845 h 20~#880000^^1~648.7~-841~0~GPIO16~start~~~#0000FF^^1~639.5~-846~0~4~end~~~#0000FF^^0~642~-845^^0~M 645 -842 L 648 -845 L 645 -848#@$P~show~0~5~625~-835~180~gge3310~0^^625~-835^^M 625 -835 h 20~#880000^^1~648.7~-831~0~GPIO14~start~~~#0000FF^^1~639.5~-836~0~5~end~~~#0000FF^^0~642~-835^^0~M 645 -832 L 648 -835 L 645 -838#@$P~show~0~6~625~-825~180~gge3317~0^^625~-825^^M 625 -825 h 20~#880000^^1~648.7~-821~0~GPIO12~start~~~#0000FF^^1~639.5~-826~0~6~end~~~#0000FF^^0~642~-825^^0~M 645 -822 L 648 -825 L 645 -828#@$P~show~0~7~625~-815~180~gge3324~0^^625~-815^^M 625 -815 h 20~#880000^^1~648.7~-811~0~GPIO13~start~~~#0000FF^^1~639.5~-816~0~7~end~~~#0000FF^^0~642~-815^^0~M 645 -812 L 648 -815 L 645 -818#@$P~show~0~8~625~-805~180~gge3331~0^^625~-805^^M 625 -805 h 20~#FF0000^^1~648.7~-801~0~VCC~start~~~#FF0000^^1~639.5~-806~0~8~end~~~#FF0000^^0~642~-805^^0~M 645 -802 L 648 -805 L 645 -808#@$P~show~0~9~765~-805~0~gge3338~0^^765~-805^^M 765 -805 h -20~#880000^^1~741.3~-801~0~GND~end~~~#0000FF^^1~750.5~-806~0~9~start~~~#0000FF^^0~748~-805^^0~M 745 -808 L 742 -805 L 745 -802#@$P~show~0~10~765~-815~0~gge3345~0^^765~-815^^M 765 -815 h -20~#880000^^1~741.3~-811~0~IO15~end~~~#0000FF^^1~750.5~-816~0~10~start~~~#0000FF^^0~748~-815^^0~M 745 -818 L 742 -815 L 745 -812#@$P~show~0~11~765~-825~0~gge3352~0^^765~-825^^M 765 -825 h -20~#880000^^1~741.3~-821~0~IO2~end~~~#0000FF^^1~750.5~-826~0~11~start~~~#0000FF^^0~748~-825^^0~M 745 -828 L 742 -825 L 745 -822#@$P~show~0~12~765~-835~0~gge3359~0^^765~-835^^M 765 -835 h -20~#880000^^1~741.3~-831~0~IO0~end~~~#0000FF^^1~750.5~-836~0~12~start~~~#0000FF^^0~748~-835^^0~M 745 -838 L 742 -835 L 745 -832#@$P~show~0~13~765~-845~0~gge3366~0^^765~-845^^M 765 -845 h -20~#880000^^1~741.3~-841~0~IO4~end~~~#0000FF^^1~750.5~-846~0~13~start~~~#0000FF^^0~748~-845^^0~M 745 -848 L 742 -845 L 745 -842#@$P~show~0~14~765~-855~0~gge3373~0^^765~-855^^M 765 -855 h -20~#880000^^1~741.3~-851~0~IO5~end~~~#0000FF^^1~750.5~-856~0~14~start~~~#0000FF^^0~748~-855^^0~M 745 -858 L 742 -855 L 745 -852#@$P~show~0~15~765~-865~0~gge3380~0^^765~-865^^M 765 -865 h -20~#000000^^1~741.3~-861~0~RXD0~end~~~#000000^^1~750.5~-866~0~15~start~~~#000000^^0~748~-865^^0~M 745 -868 L 742 -865 L 745 -862#@$P~show~0~16~765~-875~0~gge3387~0^^765~-875^^M 765 -875 h -20~#880000^^1~741.3~-871~0~TXD0~end~~~#0000FF^^1~750.5~-876~0~16~start~~~#0000FF^^0~748~-875^^0~M 745 -878 L 742 -875 L 745 -872#@$P~show~0~17~670~-755~270~gge3394~0^^670~-755^^M 670 -755 v -20~#880000^^1~674~-778.7~270~CS0~start~~~#0000FF^^1~669~-769.5~270~17~end~~~#0000FF^^0~670~-772^^0~M 673 -775 L 670 -778 L 667 -775#@$P~show~0~18~680~-755~270~gge3401~0^^680~-755^^M 680 -755 v -20~#880000^^1~684~-778.7~270~MISO~start~~~#0000FF^^1~679~-769.5~270~18~end~~~#0000FF^^0~680~-772^^0~M 683 -775 L 680 -778 L 677 -775#@$P~show~0~19~690~-755~270~gge3408~0^^690~-755^^M 690 -755 v -20~#880000^^1~694~-778.7~270~IO9~start~~~#0000FF^^1~689~-769.5~270~19~end~~~#0000FF^^0~690~-772^^0~M 693 -775 L 690 -778 L 687 -775#@$P~show~0~20~700~-755~270~gge3415~0^^700~-755^^M 700 -755 v -20~#880000^^1~704~-778.7~270~IO10~start~~~#0000FF^^1~699~-769.5~270~20~end~~~#0000FF^^0~700~-772^^0~M 703 -775 L 700 -778 L 697 -775#@$P~show~0~21~710~-755~270~gge3422~0^^710~-755^^M 710 -755 v -20~#880000^^1~714~-778.7~270~MOSI~start~~~#0000FF^^1~709~-769.5~270~21~end~~~#0000FF^^0~710~-772^^0~M 713 -775 L 710 -778 L 707 -775#@$P~show~0~22~720~-755~270~gge3429~0^^720~-755^^M 720 -755 v -20~#880000^^1~724~-778.7~270~SCLK~start~~~#0000FF^^1~719~-769.5~270~22~end~~~#0000FF^^0~720~-772^^0~M 723 -775 L 720 -778 L 717 -775",
          "W~435 -595 415 -595 415 -555 585 -555 585 -595~#008800~1~0~none~gge3436~0",
          "F~part_netLabel_VCC~435~-655~90~gge3437~~0^^435~-655^^5V~#000000~409.828125~-650.796875~0~start~1~Times New Roman~9pt~flag_gge32^^PL~425 -655 435 -655~#000000~1~0~transparent~gge3441~0^^PL~425 -650 425 -660~#000000~1~0~transparent~gge3442~0",
          "W~600 -595 545 -595~#008800~1~0~none~gge3443~0",
          "F~part_netLabel_gnD~600~-595~90~gge3444~~0^^600~-595^^GND~#000000~616.5~-590.8359375~0~start~1~Times New Roman~9pt~flag_gge33^^PL~610 -595 600 -595~#000000~1~0~transparent~gge3448~0^^PL~610 -586 610 -604~#000000~1~0~transparent~gge3449~0^^PL~612 -589 612 -601~#000000~1~0~transparent~gge3450~0^^PL~614 -592 614 -598~#000000~1~0~transparent~gge3451~0^^PL~616 -594 616 -596~#000000~1~0~transparent~gge3452~0",
          "W~610 -655 600 -655~#008800~1~0~none~gge3453~0",
          "W~435 -585 395 -585~#008800~1~0~none~gge3454~0",
          "W~435 -645 420 -645~#008800~1~0~none~gge3455~0",
          "W~560 -655 545 -655~#008800~1~0~none~gge3456~0",
          "LIB~580~-655~package`R1210`BOM_Supplier`LCSC`BOM_Manufacturer`UniOhm`BOM_Manufacturer Part`1210W3F2000T5E`nameAlias`Resistance (Ohms)`BOM_Supplier Part`C55914`SMT Type`Extend`BOM_JLCPCB SMD`Yes`BOM_LCSC Assembly`Yes`spicePre`R`spiceSymbolName`1210W3F2000T5E`Package Display`Yes`BOM_link`https://item.taobao.com/item.htm?spm=a312a.7700824.w4002-22706186256.13.278d570fzKoP2l&id=602078011139`~180~0~ggeb60189617cd9697f~c9096ef99b8540f5a8207dff5e428311~2b5ea7de4ac5c0ae7fd8028878f44039~0~bbbdd7d42546863c~yes~yes#@$T~N~574.03125~-662~0~#000080~Arial~~~~~comment~200~1~start~gge3459~0~pinpart#@$T~P~574.03125~-671.0078125~0~#000080~Arial~~~~~comment~R4~1~start~gge3461~0~pinpart#@$P~show~1~2~560~-655~180~gge3463~0^^560~-655^^M 560 -655 h 10~#000000^^0~575~-652~0~2~start~~~#000000^^0~565~-656~0~2~end~~~#000000^^0~567~-655^^0~M 570 -652 L 573 -655 L 570 -658#@$P~show~1~1~600~-655~0~gge3470~0^^600~-655^^M 600 -655 h -10~#000000^^0~585~-652~0~1~end~~~#000000^^0~595~-656~0~1~start~~~#000000^^0~593~-655^^0~M 590 -658 L 587 -655 L 590 -652#@$R~570~-659~~~20~8~#880000~1~0~none~gge3477~0~#@$T~PK~558~-640.328125~0~#000080~Arial~~~~~comment~R1210~1~start~gge3478~0~pinpart",
          "LIB~400~-645~package`R1210`BOM_Supplier`LCSC`BOM_Manufacturer`UniOhm`BOM_Manufacturer Part`1210W3F1001T5E`nameAlias`Resistance (Ohms)`BOM_Supplier Part`C52444`SMT Type`Extend`BOM_JLCPCB SMD`Yes`BOM_LCSC Assembly`Yes`spicePre`R`spiceSymbolName`1210W3F1001T5E`Package Display`Yes`BOM_link`https://item.taobao.com/item.htm?spm=a312a.7700824.w4002-22706186256.10.4139570fzmvoHx&id=601885774513`~~0~gge4c18e9fd0ced6802~c9096ef99b8540f5a8207dff5e428311~e2613afd226bc56b21e424c0b426d456~0~6cf556eca395af8a~yes~yes#@$T~N~394.03125~-652~0~#000080~Arial~~~~~comment~1K~1~start~gge3482~0~pinpart#@$T~P~394.03125~-661.0078125~0~#000080~Arial~~~~~comment~R3~1~start~gge3484~0~pinpart#@$P~show~1~2~420~-645~0~gge3486~0^^420~-645^^M 420 -645 h -10~#000000^^0~405~-642~0~2~end~~~#000000^^0~415~-646~0~2~start~~~#000000^^0~413~-645^^0~M 410 -648 L 407 -645 L 410 -642#@$P~show~1~1~380~-645~180~gge3493~0^^380~-645^^M 380 -645 h 10~#000000^^0~395~-642~0~1~start~~~#000000^^0~385~-646~0~1~end~~~#000000^^0~387~-645^^0~M 390 -642 L 393 -645 L 390 -648#@$R~390~-649~~~20~8~#880000~1~0~none~gge3500~0~#@$T~PK~378~-630.318125~0~#000080~Arial~~~~~comment~R1210~1~start~gge3501~0~pinpart",
          "W~770 -20 780 -20 875 -20~#008800~1~0~none~gge3503~0",
          "F~part_netLabel_gnD~825~-20~0~gge3504~~0^^825~-20^^GND~#000000~812~6~0~start~1~Times New Roman~9pt~flag_gge34^^PL~825 -10 825 -20~#000000~1~0~transparent~gge3508~0^^PL~816 -10 834 -10~#000000~1~0~transparent~gge3509~0^^PL~819 -8 831 -8~#000000~1~0~transparent~gge3510~0^^PL~822 -6 828 -6~#000000~1~0~transparent~gge3511~0^^PL~824 -4 826 -4~#000000~1~0~transparent~gge3512~0",
          "W~855 -270 855 -90~#008800~1~0~none~gge3513~0",
          "W~730 -155 730 -95 780 -95 780 -90~#008800~1~0~none~gge3514~0",
          "W~795 -270 795 -250 830 -250 830 -110 800 -110 800 -90~#008800~1~0~none~gge3515~0",
          "W~945 -110 865 -110 865 -90~#008800~1~0~none~gge3516~0",
          "W~910 -270 910 -90 875 -90~#008800~1~0~none~gge3517~0",
          "W~670 -100 670 -365 750 -365 750 -310~#008800~1~0~none~gge3518~0",
          "W~815 -310 815 -365 750 -365~#008800~1~0~none~gge3519~0",
          "W~875 -310 875 -365 815 -365~#008800~1~0~none~gge3520~0",
          "W~930 -310 930 -365 875 -365~#008800~1~0~none~gge3521~0",
          "F~part_netLabel_VCC~670~-100~90~gge3522~~0^^670~-100^^VCC~#000000~634.828125~-96~0~start~1~Times New Roman~9pt~flag_gge35^^PL~660 -100 670 -100~#000000~1~0~transparent~gge3526~0^^PL~660 -95 660 -105~#000000~1~0~transparent~gge3527~0",
          "W~750 -155 750 -100~#008800~1~0~none~gge3528~0",
          "W~925 -160 895 -160 895 -100 670 -100~#008800~1~0~none~gge3529~0",
          "W~945 -110 945 -160~#008800~1~0~none~gge3530~0",
          "F~part_netLabel_netPort~910~-230~180~gge3531~~0^^910~-230^^U2-16~#0000FF~933.45~-226.42~0~start~1~Times New Roman~8pt~flag_gge36^^PL~910 -230 915 -235 930 -235 930 -225 915 -225 910 -230~#0000FF~1~0~transparent~gge3535~0",
          "F~part_netLabel_netPort~855~-230~180~gge3536~~0^^855~-230^^U2-12~#0000FF~879.17~-226.42~0~start~1~Times New Roman~8pt~flag_gge37^^PL~855 -230 860 -235 875 -235 875 -225 860 -225 855 -230~#0000FF~1~0~transparent~gge3540~0",
          "F~part_netLabel_netPort~830~-230~0~gge3541~~0^^830~-230^^U2-13~#0000FF~778.96~-226.46~0~start~1~Times New Roman~8pt~flag_gge38^^PL~830 -230 825 -225 810 -225 810 -235 825 -235 830 -230~#0000FF~1~0~transparent~gge3545~0",
          "F~part_netLabel_netPort~730~-155~0~gge3546~~0^^730~-155^^U2-4~#0000FF~687~-150.69~0~start~1~Times New Roman~8pt~flag_gge39^^PL~730 -155 725 -150 710 -150 710 -160 725 -160 730 -155~#0000FF~1~0~transparent~gge3550~0",
          "F~part_netLabel_netPort~945~-110~180~gge3551~~0^^945~-110^^U2-14~#0000FF~968.65~-106.56~0~start~1~Times New Roman~8pt~flag_gge40^^PL~945 -110 950 -115 965 -115 965 -105 950 -105 945 -110~#0000FF~1~0~transparent~gge3555~0",
          "F~part_netLabel_netPort~610~-655~180~gge3556~~0^^610~-655^^U2-5~#0000FF~631.26~-651.79~0~start~1~Times New Roman~8pt~flag_gge41^^PL~610 -655 615 -660 630 -660 630 -650 615 -650 610 -655~#0000FF~1~0~transparent~gge3560~0",
          "F~part_netLabel_netPort~365~-645~0~gge3561~~0^^365~-645^^U2-2~#0000FF~322.2~-640.95~0~start~1~Times New Roman~8pt~flag_gge42^^PL~365 -645 360 -640 345 -640 345 -650 360 -650 365 -645~#0000FF~1~0~transparent~gge3565~0",
          "F~part_netLabel_netPort~1245~-520~0~gge3566~~0^^1245~-520^^VIN~#0000FF~1204.54~-514.69~0~start~1~Times New Roman~8pt~flag_gge43^^PL~1245 -520 1240 -515 1225 -515 1225 -525 1240 -525 1245 -520~#0000FF~1~0~transparent~gge3570~0",
          "F~part_netLabel_gnD~1245~-510~270~gge3571~~0^^1245~-510^^GND~#000000~1202.3046875~-505.9296875~0~start~1~Times New Roman~9pt~flag_gge44^^PL~1235 -510 1245 -510~#000000~1~0~transparent~gge3575~0^^PL~1235 -519 1235 -501~#000000~1~0~transparent~gge3576~0^^PL~1233 -516 1233 -504~#000000~1~0~transparent~gge3577~0^^PL~1231 -513 1231 -507~#000000~1~0~transparent~gge3578~0^^PL~1229 -511 1229 -509~#000000~1~0~transparent~gge3579~0",
          "F~part_netLabel_netPort~395~-605~0~gge3580~~0^^395~-605^^SPKA+~#0000FF~373.5~-600~0~end~1~Times New Roman~8pt~flag_gge45^^PL~395 -605 390 -600 375 -600 375 -610 390 -610 395 -605~#0000FF~1~0~transparent~gge3584~0",
          "F~part_netLabel_netPort~395~-585~0~gge3585~~0^^395~-585^^SPK-~#0000FF~373.5~-580~0~end~1~Times New Roman~8pt~flag_gge46^^PL~395 -585 390 -580 375 -580 375 -590 390 -590 395 -585~#0000FF~1~0~transparent~gge3589~0",
          "F~part_netLabel_netPort~1245~-490~0~gge3590~~0^^1245~-490^^SPK+~#0000FF~1198.13~-484.46~0~start~1~Times New Roman~8pt~flag_gge47^^PL~1245 -490 1240 -485 1225 -485 1225 -495 1240 -495 1245 -490~#0000FF~1~0~transparent~gge3594~0",
          "F~part_netLabel_netPort~1245~-500~0~gge3595~~0^^1245~-500^^SPK-~#0000FF~1200.44~-494.44~0~start~1~Times New Roman~8pt~flag_gge48^^PL~1245 -500 1240 -495 1225 -495 1225 -505 1240 -505 1245 -500~#0000FF~1~0~transparent~gge3599~0",
          "W~395 -605 435 -605~#008800~1~0~none~gge3600~0",
          "F~part_netLabel_netPort~730~-230~0~gge3601~~0^^730~-230^^U2-15~#0000FF~681.89~-225.67~0~start~1~Times New Roman~8pt~flag_gge49^^PL~730 -230 725 -225 710 -225 710 -235 725 -235 730 -230~#0000FF~1~0~transparent~gge3605~0",
          "F~part_netLabel_netPort~795~-155~90~gge3606~~0^^795~-155^^U2-0~#0000FF~799.31~-112.21~270~start~1~Times New Roman~8pt~flag_gge50^^PL~795 -155 800 -150 800 -135 790 -135 790 -150 795 -155~#0000FF~1~0~transparent~gge3610~0",
          "W~815 -155 815 -20~#008800~1~0~none~gge3611~0",
          "LIB~785~-55~package`RES-ARRAY-SMD_1206-8P-L5.1-W3.1-BL`BOM_Supplier`LCSC`BOM_Supplier Part`C183863`BOM_Manufacturer`Ever Ohms Tech`BOM_Manufacturer Part`CRA064RJ10KE04`nameAlias`Resistance (Ohms)`Contributor`LCSC`BOM_Paste Type`expand`spicePre`R`spiceSymbolName`CRA064RJ10KE04`~90~0~gge79bfba889c42e163~495959b074744118bc4a1bfb3e5817e1~9eaddf0fa6044fabad2bd5ba620c9ba7~0~bfaa83a588ae7bd0~yes~yes#@$T~N~812~-43~0~#000080~Arial~~~~~comment~10K~1~start~gge3614~0~pinpart#@$T~P~812~-52~0~#000080~Arial~~~~~comment~RN2~1~start~gge3616~0~pinpart#@$P~show~1~1~770~-20~270~gge3618~0^^770~-20^^M 770 -20 v -20~#000000^^0~773~-45~270~1~start~~~#000000^^0~769~-35~270~1~end~~~#000000^^0~770~-37^^0~M 773 -40 L 770 -43 L 767 -40#@$P~show~1~2~780~-20~270~gge3625~0^^780~-20^^M 780 -20 v -20~#000000^^0~783~-45~270~2~start~~~#000000^^0~779~-35~270~2~end~~~#000000^^0~780~-37^^0~M 783 -40 L 780 -43 L 777 -40#@$P~show~1~3~790~-20~270~gge3632~0^^790~-20^^M 790 -20 v -20~#000000^^0~793~-45~270~3~start~~~#000000^^0~789~-35~270~3~end~~~#000000^^0~790~-37^^0~M 793 -40 L 790 -43 L 787 -40#@$P~show~1~4~800~-20~270~gge3639~0^^800~-20^^M 800 -20 v -20~#000000^^0~803~-45~270~4~start~~~#000000^^0~799~-35~270~4~end~~~#000000^^0~800~-37^^0~M 803 -40 L 800 -43 L 797 -40#@$P~show~1~5~800~-90~90~gge3646~0^^800~-90^^M 800 -90 v 20~#000000^^0~803~-65~270~5~end~~~#000000^^0~799~-75~270~5~start~~~#000000^^0~800~-73^^0~M 797 -70 L 800 -67 L 803 -70#@$P~show~1~6~790~-90~90~gge3653~0^^790~-90^^M 790 -90 v 20~#000000^^0~793~-65~270~6~end~~~#000000^^0~789~-75~270~6~start~~~#000000^^0~790~-73^^0~M 787 -70 L 790 -67 L 793 -70#@$P~show~1~7~780~-90~90~gge3660~0^^780~-90^^M 780 -90 v 20~#000000^^0~783~-65~270~7~end~~~#000000^^0~779~-75~270~7~start~~~#000000^^0~780~-73^^0~M 777 -70 L 780 -67 L 783 -70#@$P~show~1~8~770~-90~90~gge3667~0^^770~-90^^M 770 -90 v 20~#000000^^0~773~-65~270~8~end~~~#000000^^0~769~-75~270~8~start~~~#000000^^0~770~-73^^0~M 767 -70 L 770 -67 L 773 -70#@$PL~800 -40 800 -46~#880000~1~0~none~gge3674~0#@$PL~760 -40 810 -40~#880000~1~0~none~gge3675~0#@$PL~760 -70 810 -70~#880000~1~0~none~gge3676~0#@$PL~770 -40 770 -46~#880000~1~0~none~gge3677~0#@$PL~790 -40 790 -46~#880000~1~0~none~gge3678~0#@$PL~760 -40 760 -70~#880000~1~0~none~gge3679~0#@$PL~780 -40 780 -46~#880000~1~0~none~gge3680~0#@$PL~768 -46 768 -64~#880000~1~0~none~gge3681~0#@$PL~768 -46 772 -46 772 -64 768 -64~#880000~1~0~none~gge3682~0#@$PL~778 -46 778 -64~#880000~1~0~none~gge3683~0#@$PL~778 -46 782 -46 782 -64 778 -64~#880000~1~0~none~gge3684~0#@$PL~788 -46 788 -64~#880000~1~0~none~gge3685~0#@$PL~788 -46 792 -46 792 -64 788 -64~#880000~1~0~none~gge3686~0#@$PL~798 -46 798 -64~#880000~1~0~none~gge3687~0#@$PL~798 -46 802 -46 802 -64 798 -64~#880000~1~0~none~gge3688~0#@$PL~770 -64 770 -70~#880000~1~0~none~gge3689~0#@$PL~780 -64 780 -70~#880000~1~0~none~gge3690~0#@$PL~790 -64 790 -70~#880000~1~0~none~gge3691~0#@$PL~800 -64 800 -70~#880000~1~0~none~gge3692~0#@$PL~810 -40 810 -70~#880000~1~0~none~gge3693~0",
          "LIB~860~-55~package`RES-ARRAY-SMD_1206-8P-L5.1-W3.1-BL`BOM_Supplier`LCSC`BOM_Supplier Part`C183863`BOM_Manufacturer`Ever Ohms Tech`BOM_Manufacturer Part`CRA064RJ10KE04`nameAlias`Resistance (Ohms)`Contributor`LCSC`BOM_Paste Type`expand`spicePre`R`spiceSymbolName`CRA064RJ10KE04`~90~0~gge78ec28f48d84f38d~495959b074744118bc4a1bfb3e5817e1~9eaddf0fa6044fabad2bd5ba620c9ba7~0~4e0b7b37d6c1db11~yes~yes#@$T~N~887~-43~0~#000080~Arial~~~~~comment~10K~1~start~gge3696~0~pinpart#@$T~P~887~-52~0~#000080~Arial~~~~~comment~RN3~1~start~gge3698~0~pinpart#@$P~show~1~1~845~-20~270~gge3700~0^^845~-20^^M 845 -20 v -20~#000000^^0~848~-45~270~1~start~~~#000000^^0~844~-35~270~1~end~~~#000000^^0~845~-37^^0~M 848 -40 L 845 -43 L 842 -40#@$P~show~1~2~855~-20~270~gge3707~0^^855~-20^^M 855 -20 v -20~#000000^^0~858~-45~270~2~start~~~#000000^^0~854~-35~270~2~end~~~#000000^^0~855~-37^^0~M 858 -40 L 855 -43 L 852 -40#@$P~show~1~3~865~-20~270~gge3714~0^^865~-20^^M 865 -20 v -20~#000000^^0~868~-45~270~3~start~~~#000000^^0~864~-35~270~3~end~~~#000000^^0~865~-37^^0~M 868 -40 L 865 -43 L 862 -40#@$P~show~1~4~875~-20~270~gge3721~0^^875~-20^^M 875 -20 v -20~#000000^^0~878~-45~270~4~start~~~#000000^^0~874~-35~270~4~end~~~#000000^^0~875~-37^^0~M 878 -40 L 875 -43 L 872 -40#@$P~show~1~5~875~-90~90~gge3728~0^^875~-90^^M 875 -90 v 20~#000000^^0~878~-65~270~5~end~~~#000000^^0~874~-75~270~5~start~~~#000000^^0~875~-73^^0~M 872 -70 L 875 -67 L 878 -70#@$P~show~1~6~865~-90~90~gge3735~0^^865~-90^^M 865 -90 v 20~#000000^^0~868~-65~270~6~end~~~#000000^^0~864~-75~270~6~start~~~#000000^^0~865~-73^^0~M 862 -70 L 865 -67 L 868 -70#@$P~show~1~7~855~-90~90~gge3742~0^^855~-90^^M 855 -90 v 20~#000000^^0~858~-65~270~7~end~~~#000000^^0~854~-75~270~7~start~~~#000000^^0~855~-73^^0~M 852 -70 L 855 -67 L 858 -70#@$P~show~1~8~845~-90~90~gge3749~0^^845~-90^^M 845 -90 v 20~#000000^^0~848~-65~270~8~end~~~#000000^^0~844~-75~270~8~start~~~#000000^^0~845~-73^^0~M 842 -70 L 845 -67 L 848 -70#@$PL~875 -40 875 -46~#880000~1~0~none~gge3756~0#@$PL~835 -40 885 -40~#880000~1~0~none~gge3757~0#@$PL~835 -70 885 -70~#880000~1~0~none~gge3758~0#@$PL~845 -40 845 -46~#880000~1~0~none~gge3759~0#@$PL~865 -40 865 -46~#880000~1~0~none~gge3760~0#@$PL~835 -40 835 -70~#880000~1~0~none~gge3761~0#@$PL~855 -40 855 -46~#880000~1~0~none~gge3762~0#@$PL~843 -46 843 -64~#880000~1~0~none~gge3763~0#@$PL~843 -46 847 -46 847 -64 843 -64~#880000~1~0~none~gge3764~0#@$PL~853 -46 853 -64~#880000~1~0~none~gge3765~0#@$PL~853 -46 857 -46 857 -64 853 -64~#880000~1~0~none~gge3766~0#@$PL~863 -46 863 -64~#880000~1~0~none~gge3767~0#@$PL~863 -46 867 -46 867 -64 863 -64~#880000~1~0~none~gge3768~0#@$PL~873 -46 873 -64~#880000~1~0~none~gge3769~0#@$PL~873 -46 877 -46 877 -64 873 -64~#880000~1~0~none~gge3770~0#@$PL~845 -64 845 -70~#880000~1~0~none~gge3771~0#@$PL~855 -64 855 -70~#880000~1~0~none~gge3772~0#@$PL~865 -64 865 -70~#880000~1~0~none~gge3773~0#@$PL~875 -64 875 -70~#880000~1~0~none~gge3774~0#@$PL~885 -40 885 -70~#880000~1~0~none~gge3775~0",
          "W~1185 -140 1185 -210 1250 -210~#008800~1~0~none~gge3776~0",
          "F~part_netLabel_netPort~1270~-330~270~gge3806~~0^^1270~-330^^IN-~#0000FF~1273.72~-352.31~270~start~1~Times New Roman~8pt~flag_gge51^^PL~1270 -330 1265 -335 1265 -350 1275 -350 1275 -335 1270 -330~#0000FF~1~0~transparent~gge3810~0",
          "F~part_netLabel_netPort~1270~-390~270~gge3811~~0^^1270~-390^^IN+~#0000FF~1272.13~-411.85~270~start~1~Times New Roman~8pt~flag_gge52^^PL~1270 -390 1265 -395 1265 -410 1275 -410 1275 -395 1270 -390~#0000FF~1~0~transparent~gge3815~0",
          "F~part_netLabel_gnD~1310~-230~0~gge3816~~0^^1310~-230^^GND~#000000~1297~-204~0~start~1~Times New Roman~9pt~flag_gge53^^PL~1310 -220 1310 -230~#000000~1~0~transparent~gge3820~0^^PL~1301 -220 1319 -220~#000000~1~0~transparent~gge3821~0^^PL~1304 -218 1316 -218~#000000~1~0~transparent~gge3822~0^^PL~1307 -216 1313 -216~#000000~1~0~transparent~gge3823~0^^PL~1309 -214 1311 -214~#000000~1~0~transparent~gge3824~0",
          "W~1245 -260 1245 -240 1395 -240 1395 -390 1365 -390~#008800~1~0~none~gge3838~0",
          "W~1235 -260 1235 -230 1365 -230 1365 -330~#008800~1~0~none~gge3839~0",
          "W~1510 -370 1560 -370 1560 -285 1435 -285 1435 -350 1365 -350~#008800~1~0~none~gge3893~0",
          "W~1365 -370 1470 -370~#008800~1~0~none~gge3894~0",
          "W~1365 -305 1285 -305 1285 -330 1220 -330 1220 -390 1195 -390~#008800~1~0~none~gge3895~0",
          "LIB~1335~-360~package`RECHARGE_18650`BOM_Manufacturer``BOM_Manufacturer Part``BOM_Supplier Part``BOM_Supplier``link`https://detail.tmall.com/item.htm?spm=a230r.1.14.29.355d5720q5Mq8c&id=608376172670&ns=1&abbucket=19&skuId=4447524983844`Contributor`cephaswang`spicePre`L`spiceSymbolName`RECHARGE_18650`~~0~gge673b9b8ad538bf96~012ab2cc6f294b0e9664cf90d30baf00~be906d94956a4039afe02af726e84fca~0~961abf46be86090c~yes~yes#@$T~N~1319.796875~-403~0~#000080~Arial~~~~~comment~RECHARGE_18650~1~start~gge3899~0~pinpart#@$T~P~1319.8046875~-412~0~#000080~Arial~~~~~comment~L1~1~start~gge3901~0~pinpart#@$R~1305~-400~~~50~80~#000000~1~0~none~gge3903~0~#@$P~show~0~1~1365~-390~~gge3904~0^^1365~-390^^M 1365 -390 h -20~#880000^^1~1353~-392~0~out+~end~~4pt~#0000FF^^1~1340~-386~0~1~start~~4pt~#0000FF^^0~1348~-390^^0~M 1345 -393 L 1342 -390 L 1345 -387#@$P~show~0~4~1365~-330~~gge3911~0^^1365~-330^^M 1365 -330 h -20~#880000^^1~1353~-324~0~out -~end~~4pt~#0000FF^^1~1340~-331~0~4~start~~4pt~#0000FF^^0~1348~-330^^0~M 1345 -333 L 1342 -330 L 1345 -327#@$P~show~0~2~1365~-370~~gge3918~0^^1365~-370^^M 1365 -370 h -20~#880000^^1~1353~-372~0~batt+~end~~4pt~#0000FF^^1~1340~-366~0~2~start~~4pt~#0000FF^^0~1348~-370^^0~M 1345 -373 L 1342 -370 L 1345 -367#@$P~show~0~31~1365~-350~~gge3925~0^^1365~-350^^M 1365 -350 h -20~#880000^^1~1353~-344~0~batt -~end~~4pt~#0000FF^^1~1340~-351~0~3~start~~4pt~#0000FF^^0~1348~-350^^0~M 1345 -353 L 1342 -350 L 1345 -347#@$P~show~0~5~1285~-390~180~gge3932~0^^1285~-390^^M 1285 -390 h 20~#880000^^1~1307~-387~0~IN +~start~~~#0000FF^^1~1300~-391~0~5~end~~~#0000FF^^0~1302~-390^^0~M 1305 -387 L 1308 -390 L 1305 -393#@$P~show~0~6~1285~-330~180~gge3939~0^^1285~-330^^M 1285 -330 h 20~#880000^^1~1307~-327~0~IN -~start~~~#0000FF^^1~1300~-331~0~6~end~~~#0000FF^^0~1302~-330^^0~M 1305 -327 L 1308 -330 L 1305 -333",
          "F~part_netLabel_VCC~1395~-240~270~gge3946~~0^^1395~-240^^VIN~#000000~1405.5~-236.0078125~0~start~1~Times New Roman~9pt~flag_gge54^^PL~1405 -240 1395 -240~#000000~1~0~transparent~gge3950~0^^PL~1405 -245 1405 -235~#000000~1~0~transparent~gge3951~0",
          "W~790 -90 790 -110 760 -110 760 -230 730 -230 730 -270~#008800~1~0~none~gge3952~0",
          "W~380 -645 365 -645~#008800~1~0~none~gge3953~0",
          "LIB~490~-620~package`DFPLAYER_CS_A`BOM_Supplier`LCSC`BOM_Supplier Part`C2829314`BOM_Manufacturer`null`BOM_Manufacturer Part`MP3-TF-16P2`Contributor`LCSC`BOM_JLCPCB Part Class`Extended Part`spicePre`U`spiceSymbolName`MP3-TF-16P2`~~0~ggeb162ad2c4cc4e877~1151af1ef2444ff0a77fa296b6a8588d~fde0be6b43404af684ac96cf02e3940b~0~65ca3d54dbc67e6a~yes~yes#@$T~N~484.25~-668~0~#000080~Arial~~~~~comment~MP3-TF-16P2~1~start~gge4028~0~pinpart#@$T~P~484.25~-677~0~#000080~Arial~~~~~comment~U2~1~start~gge4030~0~pinpart#@$R~445~-665~2~2~90~90~#880000~1~0~none~gge4032~0~#@$E~450~-660~1.5~1.5~#880000~1~0~#880000~gge4033~0#@$P~show~0~1~435~-655~180~gge4034~0^^435~-655^^M 435 -655 h 10~#FF0000^^1~448.7~-651~0~VCC~start~~~#FF0000^^1~444.5~-656~0~1~end~~~#FF0000^^0~442~-655^^0~M 445 -652 L 448 -655 L 445 -658#@$P~show~0~2~435~-645~180~gge4041~0^^435~-645^^M 435 -645 h 10~#880000^^1~448.7~-641~0~RX~start~~~#0000FF^^1~444.5~-646~0~2~end~~~#0000FF^^0~442~-645^^0~M 445 -642 L 448 -645 L 445 -648#@$P~show~0~3~435~-635~180~gge4048~0^^435~-635^^M 435 -635 h 10~#880000^^1~448.7~-631~0~TX~start~~~#0000FF^^1~444.5~-636~0~3~end~~~#0000FF^^0~442~-635^^0~M 445 -632 L 448 -635 L 445 -638#@$P~show~0~4~435~-625~180~gge4055~0^^435~-625^^M 435 -625 h 10~#880000^^1~448.7~-621~0~DAC_R~start~~~#0000FF^^1~444.5~-626~0~4~end~~~#0000FF^^0~442~-625^^0~M 445 -622 L 448 -625 L 445 -628#@$P~show~0~5~435~-615~180~gge4062~0^^435~-615^^M 435 -615 h 10~#880000^^1~448.7~-611~0~DAc_L~start~~~#0000FF^^1~444.5~-616~0~5~end~~~#0000FF^^0~442~-615^^0~M 445 -612 L 448 -615 L 445 -618#@$P~show~0~6~435~-605~180~gge4069~0^^435~-605^^M 435 -605 h 10~#880000^^1~448.7~-601~0~SPK2~start~~~#0000FF^^1~444.5~-606~0~6~end~~~#0000FF^^0~442~-605^^0~M 445 -602 L 448 -605 L 445 -608#@$P~show~0~7~435~-595~180~gge4076~0^^435~-595^^M 435 -595 h 10~#000000^^1~448.7~-591~0~GND~start~~~#000000^^1~444.5~-596~0~7~end~~~#000000^^0~442~-595^^0~M 445 -592 L 448 -595 L 445 -598#@$P~show~0~8~435~-585~180~gge4083~0^^435~-585^^M 435 -585 h 10~#880000^^1~448.7~-581~0~SPK1~start~~~#0000FF^^1~444.5~-586~0~8~end~~~#0000FF^^0~442~-585^^0~M 445 -582 L 448 -585 L 445 -588#@$P~show~0~9~545~-585~0~gge4090~0^^545~-585^^M 545 -585 h -10~#880000^^1~531.3~-581~0~IO1~end~~~#0000FF^^1~535.5~-586~0~9~start~~~#0000FF^^0~538~-585^^0~M 535 -588 L 532 -585 L 535 -582#@$P~show~0~10~545~-595~0~gge4097~0^^545~-595^^M 545 -595 h -10~#000000^^1~531.3~-591~0~GND~end~~~#000000^^1~535.5~-596~0~10~start~~~#000000^^0~538~-595^^0~M 535 -598 L 532 -595 L 535 -592#@$P~show~0~11~545~-605~0~gge4104~0^^545~-605^^M 545 -605 h -10~#880000^^1~531.3~-601~0~IO2~end~~~#0000FF^^1~535.5~-606~0~11~start~~~#0000FF^^0~538~-605^^0~M 535 -608 L 532 -605 L 535 -602#@$P~show~0~12~545~-615~0~gge4111~0^^545~-615^^M 545 -615 h -10~#880000^^1~531.3~-611~0~ADKEY1~end~~~#0000FF^^1~535.5~-616~0~12~start~~~#0000FF^^0~538~-615^^0~M 535 -618 L 532 -615 L 535 -612#@$P~show~0~13~545~-625~0~gge4118~0^^545~-625^^M 545 -625 h -10~#880000^^1~531.3~-621~0~ADKEY2~end~~~#0000FF^^1~535.5~-626~0~13~start~~~#0000FF^^0~538~-625^^0~M 535 -628 L 532 -625 L 535 -622#@$P~show~0~14~545~-635~0~gge4125~0^^545~-635^^M 545 -635 h -10~#880000^^1~531.3~-631~0~USB+~end~~~#0000FF^^1~535.5~-636~0~14~start~~~#0000FF^^0~538~-635^^0~M 535 -638 L 532 -635 L 535 -632#@$P~show~0~15~545~-645~0~gge4132~0^^545~-645^^M 545 -645 h -10~#880000^^1~531.3~-641~0~USB-~end~~~#0000FF^^1~535.5~-646~0~15~start~~~#0000FF^^0~538~-645^^0~M 535 -648 L 532 -645 L 535 -642#@$P~show~0~16~545~-655~0~gge4139~0^^545~-655^^M 545 -655 h -10~#880000^^1~531.3~-651~0~Busy~end~~~#0000FF^^1~535.5~-656~0~16~start~~~#0000FF^^0~538~-655^^0~M 535 -658 L 532 -655 L 535 -652",
          "LIB~740~-290~package`SW-TH_4P-L6.0-W6.0-P4.50-LS6.5`BOM_Supplier`LCSC`BOM_Supplier Part`C620307`BOM_Manufacturer`USAKRO`BOM_Manufacturer Part`UK-B0202-G10-160`Contributor`LCSC`BOM_LCSC Assembly`Yes`SMT Type`Extend`BOM_Paste Type`expand`spicePre`S`spiceSymbolName`UK-B0202-G10-160`Package Display`No`~90~0~gge69aa7cb4bf658266~153ed004b0794cb6b8a2ebde7a1aabdf~4ba508ac351d44798c22d630aa1529a9~0~42de493a364b90c1~yes~yes#@$T~N~754~-277.75~0~#000080~Arial~~~~~comment~UK-B0202-G10-160~0~start~gge4149~0~pinpart#@$T~P~754.5078125~-286.75~0~#000080~Arial~~~~~comment~SW3~1~start~gge4151~0~pinpart#@$P~show~0~4~750~-310~90~gge4153~0^^750~-310^^M 750 -310 v 10~#880000^^0~753~-298~270~4~end~~~#0000FF^^1~749~-300~270~4~start~~~#0000FF^^0~750~-303^^0~M 747 -300 L 750 -297 L 753 -300#@$P~show~0~3~750~-270~270~gge4160~0^^750~-270^^M 750 -270 v -10~#880000^^0~753~-282~270~3~start~~~#0000FF^^1~749~-280~270~3~end~~~#0000FF^^0~750~-277^^0~M 753 -280 L 750 -283 L 747 -280#@$P~show~0~2~730~-310~90~gge4167~0^^730~-310^^M 730 -310 v 10~#880000^^0~733~-298~270~2~end~~~#0000FF^^1~729~-300~270~2~start~~~#0000FF^^0~730~-303^^0~M 727 -300 L 730 -297 L 733 -300#@$P~show~0~1~730~-270~270~gge4174~0^^730~-270^^M 730 -270 v -10~#880000^^0~733~-282~270~1~start~~~#0000FF^^1~729~-280~270~1~end~~~#0000FF^^0~730~-277^^0~M 733 -280 L 730 -283 L 727 -280#@$PL~730 -280 730 -300~#880000~1~0~none~gge4181~0#@$PL~750 -280 750 -300~#880000~1~0~none~gge4182~0#@$PL~746 -288 734 -285~#880000~1~0~none~gge4183~0#@$PL~748 -290 750 -290~#880000~1~0~none~gge4184~0#@$PL~733 -290 730 -290~#880000~1~0~none~gge4185~0#@$E~735~-290~1.5~1.5~#880000~1~0~none~gge4186~0#@$E~746~-290~1.5~1.5~#880000~1~0~none~gge4187~0",
          "LIB~805~-290~package`SW-TH_4P-L6.0-W6.0-P4.50-LS6.5`BOM_Supplier`LCSC`BOM_Supplier Part`C620307`BOM_Manufacturer`USAKRO`BOM_Manufacturer Part`UK-B0202-G10-160`Contributor`LCSC`BOM_LCSC Assembly`Yes`SMT Type`Extend`BOM_Paste Type`expand`spicePre`S`spiceSymbolName`UK-B0202-G10-160`Package Display`No`~90~0~gge9258787ccb10409c~153ed004b0794cb6b8a2ebde7a1aabdf~4ba508ac351d44798c22d630aa1529a9~0~237cf6168e0b213d~yes~yes#@$T~N~819~-277.75~0~#000080~Arial~~~~~comment~UK-B0202-G10-160~0~start~gge4235~0~pinpart#@$T~P~819.5078125~-286.75~0~#000080~Arial~~~~~comment~SW4~1~start~gge4237~0~pinpart#@$P~show~0~4~815~-310~90~gge4239~0^^815~-310^^M 815 -310 v 10~#880000^^0~818~-298~270~4~end~~~#0000FF^^1~814~-300~270~4~start~~~#0000FF^^0~815~-303^^0~M 812 -300 L 815 -297 L 818 -300#@$P~show~0~3~815~-270~270~gge4246~0^^815~-270^^M 815 -270 v -10~#880000^^0~818~-282~270~3~start~~~#0000FF^^1~814~-280~270~3~end~~~#0000FF^^0~815~-277^^0~M 818 -280 L 815 -283 L 812 -280#@$P~show~0~2~795~-310~90~gge4253~0^^795~-310^^M 795 -310 v 10~#880000^^0~798~-298~270~2~end~~~#0000FF^^1~794~-300~270~2~start~~~#0000FF^^0~795~-303^^0~M 792 -300 L 795 -297 L 798 -300#@$P~show~0~1~795~-270~270~gge4260~0^^795~-270^^M 795 -270 v -10~#880000^^0~798~-282~270~1~start~~~#0000FF^^1~794~-280~270~1~end~~~#0000FF^^0~795~-277^^0~M 798 -280 L 795 -283 L 792 -280#@$PL~795 -280 795 -300~#880000~1~0~none~gge4267~0#@$PL~815 -280 815 -300~#880000~1~0~none~gge4268~0#@$PL~811 -288 799 -285~#880000~1~0~none~gge4269~0#@$PL~813 -290 815 -290~#880000~1~0~none~gge4270~0#@$PL~798 -290 795 -290~#880000~1~0~none~gge4271~0#@$E~800~-290~1.5~1.5~#880000~1~0~none~gge4272~0#@$E~811~-290~1.5~1.5~#880000~1~0~none~gge4273~0",
          "LIB~865~-290~package`SW-TH_4P-L6.0-W6.0-P4.50-LS6.5`BOM_Supplier`LCSC`BOM_Supplier Part`C620307`BOM_Manufacturer`USAKRO`BOM_Manufacturer Part`UK-B0202-G10-160`Contributor`LCSC`BOM_LCSC Assembly`Yes`SMT Type`Extend`BOM_Paste Type`expand`spicePre`S`spiceSymbolName`UK-B0202-G10-160`Package Display`No`~90~0~gge30d05bd221e82ae9~153ed004b0794cb6b8a2ebde7a1aabdf~4ba508ac351d44798c22d630aa1529a9~0~e036390072f1a140~yes~yes#@$T~N~879~-277.75~0~#000080~Arial~~~~~comment~UK-B0202-G10-160~0~start~gge4277~0~pinpart#@$T~P~879.5078125~-286.75~0~#000080~Arial~~~~~comment~SW5~1~start~gge4279~0~pinpart#@$P~show~0~4~875~-310~90~gge4281~0^^875~-310^^M 875 -310 v 10~#880000^^0~878~-298~270~4~end~~~#0000FF^^1~874~-300~270~4~start~~~#0000FF^^0~875~-303^^0~M 872 -300 L 875 -297 L 878 -300#@$P~show~0~3~875~-270~270~gge4288~0^^875~-270^^M 875 -270 v -10~#880000^^0~878~-282~270~3~start~~~#0000FF^^1~874~-280~270~3~end~~~#0000FF^^0~875~-277^^0~M 878 -280 L 875 -283 L 872 -280#@$P~show~0~2~855~-310~90~gge4295~0^^855~-310^^M 855 -310 v 10~#880000^^0~858~-298~270~2~end~~~#0000FF^^1~854~-300~270~2~start~~~#0000FF^^0~855~-303^^0~M 852 -300 L 855 -297 L 858 -300#@$P~show~0~1~855~-270~270~gge4302~0^^855~-270^^M 855 -270 v -10~#880000^^0~858~-282~270~1~start~~~#0000FF^^1~854~-280~270~1~end~~~#0000FF^^0~855~-277^^0~M 858 -280 L 855 -283 L 852 -280#@$PL~855 -280 855 -300~#880000~1~0~none~gge4309~0#@$PL~875 -280 875 -300~#880000~1~0~none~gge4310~0#@$PL~871 -288 859 -285~#880000~1~0~none~gge4311~0#@$PL~873 -290 875 -290~#880000~1~0~none~gge4312~0#@$PL~858 -290 855 -290~#880000~1~0~none~gge4313~0#@$E~860~-290~1.5~1.5~#880000~1~0~none~gge4314~0#@$E~871~-290~1.5~1.5~#880000~1~0~none~gge4315~0",
          "LIB~920~-290~package`SW-TH_4P-L6.0-W6.0-P4.50-LS6.5`BOM_Supplier`LCSC`BOM_Supplier Part`C620307`BOM_Manufacturer`USAKRO`BOM_Manufacturer Part`UK-B0202-G10-160`Contributor`LCSC`BOM_LCSC Assembly`Yes`SMT Type`Extend`BOM_Paste Type`expand`spicePre`S`spiceSymbolName`UK-B0202-G10-160`Package Display`No`~90~0~gged1fc9f5f9be86671~153ed004b0794cb6b8a2ebde7a1aabdf~4ba508ac351d44798c22d630aa1529a9~0~55492057ca708d8d~yes~yes#@$T~N~934~-277.75~0~#000080~Arial~~~~~comment~UK-B0202-G10-160~0~start~gge4319~0~pinpart#@$T~P~934.5078125~-286.75~0~#000080~Arial~~~~~comment~SW6~1~start~gge4321~0~pinpart#@$P~show~0~4~930~-310~90~gge4323~0^^930~-310^^M 930 -310 v 10~#880000^^0~933~-298~270~4~end~~~#0000FF^^1~929~-300~270~4~start~~~#0000FF^^0~930~-303^^0~M 927 -300 L 930 -297 L 933 -300#@$P~show~0~3~930~-270~270~gge4330~0^^930~-270^^M 930 -270 v -10~#880000^^0~933~-282~270~3~start~~~#0000FF^^1~929~-280~270~3~end~~~#0000FF^^0~930~-277^^0~M 933 -280 L 930 -283 L 927 -280#@$P~show~0~2~910~-310~90~gge4337~0^^910~-310^^M 910 -310 v 10~#880000^^0~913~-298~270~2~end~~~#0000FF^^1~909~-300~270~2~start~~~#0000FF^^0~910~-303^^0~M 907 -300 L 910 -297 L 913 -300#@$P~show~0~1~910~-270~270~gge4344~0^^910~-270^^M 910 -270 v -10~#880000^^0~913~-282~270~1~start~~~#0000FF^^1~909~-280~270~1~end~~~#0000FF^^0~910~-277^^0~M 913 -280 L 910 -283 L 907 -280#@$PL~910 -280 910 -300~#880000~1~0~none~gge4351~0#@$PL~930 -280 930 -300~#880000~1~0~none~gge4352~0#@$PL~926 -288 914 -285~#880000~1~0~none~gge4353~0#@$PL~928 -290 930 -290~#880000~1~0~none~gge4354~0#@$PL~913 -290 910 -290~#880000~1~0~none~gge4355~0#@$E~915~-290~1.5~1.5~#880000~1~0~none~gge4356~0#@$E~926~-290~1.5~1.5~#880000~1~0~none~gge4357~0",
          "LIB~740~-175~package`SW-TH_4P-L6.0-W6.0-P4.50-LS6.5`BOM_Supplier`LCSC`BOM_Supplier Part`C620307`BOM_Manufacturer`USAKRO`BOM_Manufacturer Part`UK-B0202-G10-160`Contributor`LCSC`BOM_LCSC Assembly`Yes`SMT Type`Extend`BOM_Paste Type`expand`spicePre`S`spiceSymbolName`UK-B0202-G10-160`Package Display`No`~90~0~gge6e78422d8f1afdc4~153ed004b0794cb6b8a2ebde7a1aabdf~4ba508ac351d44798c22d630aa1529a9~0~1e923849e7c9624a~yes~yes#@$T~N~754~-162.75~0~#000080~Arial~~~~~comment~UK-B0202-G10-160~0~start~gge4361~0~pinpart#@$T~P~754.5078125~-171.75~0~#000080~Arial~~~~~comment~SW7~1~start~gge4363~0~pinpart#@$P~show~0~4~750~-195~90~gge4365~0^^750~-195^^M 750 -195 v 10~#880000^^0~753~-183~270~4~end~~~#0000FF^^1~749~-185~270~4~start~~~#0000FF^^0~750~-188^^0~M 747 -185 L 750 -182 L 753 -185#@$P~show~0~3~750~-155~270~gge4372~0^^750~-155^^M 750 -155 v -10~#880000^^0~753~-167~270~3~start~~~#0000FF^^1~749~-165~270~3~end~~~#0000FF^^0~750~-162^^0~M 753 -165 L 750 -168 L 747 -165#@$P~show~0~2~730~-195~90~gge4379~0^^730~-195^^M 730 -195 v 10~#880000^^0~733~-183~270~2~end~~~#0000FF^^1~729~-185~270~2~start~~~#0000FF^^0~730~-188^^0~M 727 -185 L 730 -182 L 733 -185#@$P~show~0~1~730~-155~270~gge4386~0^^730~-155^^M 730 -155 v -10~#880000^^0~733~-167~270~1~start~~~#0000FF^^1~729~-165~270~1~end~~~#0000FF^^0~730~-162^^0~M 733 -165 L 730 -168 L 727 -165#@$PL~730 -165 730 -185~#880000~1~0~none~gge4393~0#@$PL~750 -165 750 -185~#880000~1~0~none~gge4394~0#@$PL~746 -173 734 -170~#880000~1~0~none~gge4395~0#@$PL~748 -175 750 -175~#880000~1~0~none~gge4396~0#@$PL~733 -175 730 -175~#880000~1~0~none~gge4397~0#@$E~735~-175~1.5~1.5~#880000~1~0~none~gge4398~0#@$E~746~-175~1.5~1.5~#880000~1~0~none~gge4399~0",
          "LIB~805~-175~package`SW-TH_4P-L6.0-W6.0-P4.50-LS6.5`BOM_Supplier`LCSC`BOM_Supplier Part`C620307`BOM_Manufacturer`USAKRO`BOM_Manufacturer Part`UK-B0202-G10-160`Contributor`LCSC`BOM_LCSC Assembly`Yes`SMT Type`Extend`BOM_Paste Type`expand`spicePre`S`spiceSymbolName`UK-B0202-G10-160`Package Display`No`~90~0~gged755a2628b487221~153ed004b0794cb6b8a2ebde7a1aabdf~4ba508ac351d44798c22d630aa1529a9~0~220845a3462fddb5~yes~yes#@$T~N~819~-162.75~0~#000080~Arial~~~~~comment~UK-B0202-G10-160~0~start~gge4404~0~pinpart#@$T~P~819.5078125~-171.75~0~#000080~Arial~~~~~comment~SW8~1~start~gge4406~0~pinpart#@$P~show~0~4~815~-195~90~gge4408~0^^815~-195^^M 815 -195 v 10~#880000^^0~818~-183~270~4~end~~~#0000FF^^1~814~-185~270~4~start~~~#0000FF^^0~815~-188^^0~M 812 -185 L 815 -182 L 818 -185#@$P~show~0~3~815~-155~270~gge4415~0^^815~-155^^M 815 -155 v -10~#880000^^0~818~-167~270~3~start~~~#0000FF^^1~814~-165~270~3~end~~~#0000FF^^0~815~-162^^0~M 818 -165 L 815 -168 L 812 -165#@$P~show~0~2~795~-195~90~gge4422~0^^795~-195^^M 795 -195 v 10~#880000^^0~798~-183~270~2~end~~~#0000FF^^1~794~-185~270~2~start~~~#0000FF^^0~795~-188^^0~M 792 -185 L 795 -182 L 798 -185#@$P~show~0~1~795~-155~270~gge4429~0^^795~-155^^M 795 -155 v -10~#880000^^0~798~-167~270~1~start~~~#0000FF^^1~794~-165~270~1~end~~~#0000FF^^0~795~-162^^0~M 798 -165 L 795 -168 L 792 -165#@$PL~795 -165 795 -185~#880000~1~0~none~gge4436~0#@$PL~815 -165 815 -185~#880000~1~0~none~gge4437~0#@$PL~811 -173 799 -170~#880000~1~0~none~gge4438~0#@$PL~813 -175 815 -175~#880000~1~0~none~gge4439~0#@$PL~798 -175 795 -175~#880000~1~0~none~gge4440~0#@$E~800~-175~1.5~1.5~#880000~1~0~none~gge4441~0#@$E~811~-175~1.5~1.5~#880000~1~0~none~gge4442~0",
          "LIB~935~-180~package`SW-TH_4P-L6.0-W6.0-P4.50-LS6.5`BOM_Supplier`LCSC`BOM_Supplier Part`C620307`BOM_Manufacturer`USAKRO`BOM_Manufacturer Part`UK-B0202-G10-160`Contributor`LCSC`BOM_LCSC Assembly`Yes`SMT Type`Extend`BOM_Paste Type`expand`spicePre`S`spiceSymbolName`UK-B0202-G10-160`Package Display`No`~90~0~ggeff1e47675eeb789e~153ed004b0794cb6b8a2ebde7a1aabdf~4ba508ac351d44798c22d630aa1529a9~0~dafec6ff7c2f7250~yes~yes#@$T~N~949~-167.75~0~#000080~Arial~~~~~comment~UK-B0202-G10-160~0~start~gge4446~0~pinpart#@$T~P~949.5078125~-176.75~0~#000080~Arial~~~~~comment~SW9~1~start~gge4448~0~pinpart#@$P~show~0~4~945~-200~90~gge4450~0^^945~-200^^M 945 -200 v 10~#880000^^0~948~-188~270~4~end~~~#0000FF^^1~944~-190~270~4~start~~~#0000FF^^0~945~-193^^0~M 942 -190 L 945 -187 L 948 -190#@$P~show~0~3~945~-160~270~gge4457~0^^945~-160^^M 945 -160 v -10~#880000^^0~948~-172~270~3~start~~~#0000FF^^1~944~-170~270~3~end~~~#0000FF^^0~945~-167^^0~M 948 -170 L 945 -173 L 942 -170#@$P~show~0~2~925~-200~90~gge4464~0^^925~-200^^M 925 -200 v 10~#880000^^0~928~-188~270~2~end~~~#0000FF^^1~924~-190~270~2~start~~~#0000FF^^0~925~-193^^0~M 922 -190 L 925 -187 L 928 -190#@$P~show~0~1~925~-160~270~gge4471~0^^925~-160^^M 925 -160 v -10~#880000^^0~928~-172~270~1~start~~~#0000FF^^1~924~-170~270~1~end~~~#0000FF^^0~925~-167^^0~M 928 -170 L 925 -173 L 922 -170#@$PL~925 -170 925 -190~#880000~1~0~none~gge4478~0#@$PL~945 -170 945 -190~#880000~1~0~none~gge4479~0#@$PL~941 -178 929 -175~#880000~1~0~none~gge4480~0#@$PL~943 -180 945 -180~#880000~1~0~none~gge4481~0#@$PL~928 -180 925 -180~#880000~1~0~none~gge4482~0#@$E~930~-180~1.5~1.5~#880000~1~0~none~gge4483~0#@$E~941~-180~1.5~1.5~#880000~1~0~none~gge4484~0",
          "LIB~1265~-500~package`CONN-TH_5P-P2.50_HX25003-5A`BOM_Supplier`LCSC`BOM_Supplier Part`C442302`BOM_Manufacturer`HX(Zhejiang Yueqing Hongxing Elec)`BOM_Manufacturer Part`HX25003-5A`Contributor`LCSC`BOM_JLCPCB Part Class`Extended Part`spicePre`C`spiceSymbolName`HX25003-5A`Package Display`Yes`~~0~gge58977b0d4c8e2779~87aa7d418e9c4aa9bf3ff302be0ed058~8e30f7ca37e24532a81c85b2e566145c~0~6d6f962c78bdebdc~yes~yes#@$T~N~1249.65625~-533.5~0~#000080~Arial~~~~~comment~HX25003-5A~1~start~gge4663~0~pinpart#@$T~P~1249.6640625~-542.5~0~#000080~Arial~~~~~comment~CN4~1~start~gge4665~0~pinpart#@$R~1255~-530~2~2~20~60~#880000~1~0~none~gge4667~0~#@$E~1260~-525~1.5~1.5~#880000~1~0~#880000~gge4668~0#@$P~show~0~1~1245~-520~180~gge4669~0^^1245~-520^^M 1245 -520 h 10~#880000^^1~1258.7~-516~0~1~start~~~#0000FF^^1~1254.5~-521~0~1~end~~~#0000FF^^0~1252~-520^^0~M 1255 -517 L 1258 -520 L 1255 -523#@$P~show~0~2~1245~-510~180~gge4676~0^^1245~-510^^M 1245 -510 h 10~#880000^^1~1258.7~-506~0~2~start~~~#0000FF^^1~1254.5~-511~0~2~end~~~#0000FF^^0~1252~-510^^0~M 1255 -507 L 1258 -510 L 1255 -513#@$P~show~0~3~1245~-500~180~gge4683~0^^1245~-500^^M 1245 -500 h 10~#880000^^1~1258.7~-496~0~3~start~~~#0000FF^^1~1254.5~-501~0~3~end~~~#0000FF^^0~1252~-500^^0~M 1255 -497 L 1258 -500 L 1255 -503#@$P~show~0~4~1245~-490~180~gge4690~0^^1245~-490^^M 1245 -490 h 10~#880000^^1~1258.7~-486~0~4~start~~~#0000FF^^1~1254.5~-491~0~4~end~~~#0000FF^^0~1252~-490^^0~M 1255 -487 L 1258 -490 L 1255 -493#@$P~show~0~5~1245~-480~180~gge4697~0^^1245~-480^^M 1245 -480 h 10~#880000^^1~1258.7~-476~0~5~start~~~#0000FF^^1~1254.5~-481~0~5~end~~~#0000FF^^0~1252~-480^^0~M 1255 -477 L 1258 -480 L 1255 -483#@$T~PK~1243~-460~0~#000080~Arial~~~~~comment~CONN-TH_5P-P2.50_HX25003-5A~1~start~gge4662~0~pinpart",
          "F~part_netLabel_netPort~1245~-480~0~gge4792~~0^^1245~-480^^IN+~#0000FF~1205.87~-475.13~0~~1~Times New Roman~8pt~flag_gge55^^PL~1245 -480 1240 -475 1225 -475 1225 -485 1240 -485 1245 -480~#0000FF~1~0~transparent~gge4796~0",
          "LIB~1345~-495~package`SPK_30_70`Contributor`Adafruit`spicePre`S`spiceSymbolName`SPEAKER`BOM_Manufacturer Part``~270~0~gged0c648f275da1861~b859acc80b3a44e0b258dce3b2e6b81a~6b5b1561ad674ad4894c708e2cbe3209~0~ff3c27911c3398bc~yes~yes#@$T~N~1357~-482.828125~0~#000080~Arial~~~~~comment~SPEAKER~1~start~gge4825~0~pinpart#@$T~P~1356.99~-491.67~0~#000080~Arial~~~~~comment~SP1~1~start~gge4827~0~pinpart#@$PL~1333 -502 1333 -488~#8D2323~1~0~none~gge4829~0#@$PL~1333 -488 1335 -488~#8D2323~1~0~none~gge4830~0#@$PL~1345 -488 1345 -502~#8D2323~1~0~none~gge4831~0#@$PL~1333 -502 1335 -502~#8D2323~1~0~none~gge4832~0#@$PL~1345 -488 1355 -475~#8D2323~1~0~none~gge4833~0#@$PL~1355 -475 1355 -515~#8D2323~1~0~none~gge4834~0#@$PL~1345 -502 1355 -515~#8D2323~1~0~none~gge4835~0#@$PL~1335 -485 1335 -488~#8D2323~1~0~none~gge4836~0#@$PL~1335 -488 1345 -488~#8D2323~1~0~none~gge4837~0#@$PL~1335 -505 1335 -502~#8D2323~1~0~none~gge4838~0#@$PL~1335 -502 1345 -502~#8D2323~1~0~none~gge4839~0#@$P~show~0~2~1335~-475~270~gge4840~0^^1335~-475^^M 1335 -475 v -10~#8D2323^^0~1338~-488~270~-~start~~~#8D2323^^0~1334~-479~270~2~end~~~#8D2323^^0~1335~-482^^0~M 1338 -485 L 1335 -488 L 1332 -485#@$P~show~0~1~1335~-515~90~gge4847~0^^1335~-515^^M 1335 -515 v 10~#8D2323^^0~1338~-502~270~+~end~~~#8D2323^^0~1334~-511~270~1~start~~~#8D2323^^0~1335~-508^^0~M 1332 -505 L 1335 -502 L 1338 -505",
          "F~part_netLabel_netPort~1205~-260~270~gge4918~~0^^1205~-260^^IN+~#0000FF~1207.15~-281.84~270~~1~Times New Roman~8pt~flag_gge56^^PL~1205 -260 1200 -265 1200 -280 1210 -280 1210 -265 1205 -260~#0000FF~1~0~transparent~gge4922~0",
          "LIB~1225~-240~package`CONN-TH_5P-P2.50_HX25003-5A`BOM_Supplier`LCSC`BOM_Supplier Part`C442302`BOM_Manufacturer`HX(Zhejiang Yueqing Hongxing Elec)`BOM_Manufacturer Part`HX25003-5A`Contributor`LCSC`BOM_JLCPCB Part Class`Extended Part`spicePre`C`spiceSymbolName`HX25003-5A`Package Display`Yes`~270~0~gged178105288ef6a67~87aa7d418e9c4aa9bf3ff302be0ed058~8e30f7ca37e24532a81c85b2e566145c~0~d5e4f69fef8e4804~yes~yes#@$T~N~1257~-233.484375~0~#000080~Arial~~~~~comment~HX25003-5A~1~start~gge4926~0~pinpart#@$T~P~1257~-242.49~0~#000080~Arial~~~~~comment~CN2~1~start~gge4928~0~pinpart#@$R~1195~-250~2~2~60~20~#880000~1~0~none~gge4930~0~#@$E~1250~-245~1.5~1.5~#880000~1~0~#880000~gge4931~0#@$P~show~0~1~1245~-260~90~gge4932~0^^1245~-260^^M 1245 -260 v 10~#880000^^1~1249~-246.3~270~1~end~~~#0000FF^^1~1244~-250.5~270~1~start~~~#0000FF^^0~1245~-253^^0~M 1242 -250 L 1245 -247 L 1248 -250#@$P~show~0~2~1235~-260~90~gge4939~0^^1235~-260^^M 1235 -260 v 10~#880000^^1~1239~-246.3~270~2~end~~~#0000FF^^1~1234~-250.5~270~2~start~~~#0000FF^^0~1235~-253^^0~M 1232 -250 L 1235 -247 L 1238 -250#@$P~show~0~3~1225~-260~90~gge4946~0^^1225~-260^^M 1225 -260 v 10~#880000^^1~1229~-246.3~270~3~end~~~#0000FF^^1~1224~-250.5~270~3~start~~~#0000FF^^0~1225~-253^^0~M 1222 -250 L 1225 -247 L 1228 -250#@$P~show~0~4~1215~-260~90~gge4953~0^^1215~-260^^M 1215 -260 v 10~#880000^^1~1219~-246.3~270~4~end~~~#0000FF^^1~1214~-250.5~270~4~start~~~#0000FF^^0~1215~-253^^0~M 1212 -250 L 1215 -247 L 1218 -250#@$P~show~0~5~1205~-260~90~gge4960~0^^1205~-260^^M 1205 -260 v 10~#880000^^1~1209~-246.3~270~5~end~~~#0000FF^^1~1204~-250.5~270~5~start~~~#0000FF^^0~1205~-253^^0~M 1202 -250 L 1205 -247 L 1208 -250#@$T~PK~1194.65625~-219.67~0~#000080~Arial~~~~~comment~CONN-TH_5P-P2.50_HX25003-5A~1~start~gge4967~0~pinpart",
          "F~part_netLabel_VCC~625~-805~90~gge4980~~0^^625~-805^^VCC~#000000~589.828125~-801.0078125~0~start~1~Times New Roman~9pt~flag_gge57^^PL~615 -805 625 -805~#000000~1~0~transparent~gge4984~0^^PL~615 -800 615 -810~#000000~1~0~transparent~gge4985~0",
          "W~1105 -665 1105 -675~#008800~1~0~none~gge4987~0",
          "LIB~215~-275~package`R1210`BOM_Supplier`LCSC`BOM_Supplier Part`C230018`BOM_Manufacturer`YAGEO`BOM_Manufacturer Part`AC1210FR-07120KL`nameAlias`Resistance (Ohms)`Contributor`LCSC`BOM_JLCPCB Part Class`Extended Part`spicePre`R`spiceSymbolName`AC1210FR-07120KL`~~0~ggeaf5ae50da242f2cb~8d980e0cb4b8404e96542d2888a244bd~a116e50d8887497c817a00729ae4b32e~0~ff4b7ce1c50b8881~yes~yes#@$T~N~209.03125~-283~0~#000080~Arial~~~~~comment~120K~1~start~gge5030~0~pinpart#@$T~P~209.0390625~-292~0~#000080~Arial~~~~~comment~R1~1~start~gge5032~0~pinpart#@$P~show~0~1~195~-275~180~gge5034~0^^195~-275^^M 205 -275 h -10~#800^^0~209~-275~0~1~start~~~#800^^0~201~-279~0~1~end~~~#800^^0~182~-275^^0~M 185 -272 L 188 -275 L 185 -278#@$P~show~0~2~235~-275~0~gge5041~0^^235~-275^^M 225 -275 h 10~#800^^0~221~-275~0~2~end~~~#800^^0~229~-279~0~2~start~~~#800^^0~248~-275^^0~M 245 -278 L 242 -275 L 245 -272#@$R~205~-280~~~20~10~#A00000~1~0~none~gge5048~0~",
          "W~485 -155 485 -185~#008800~1~0~none~gge5050~0",
          "W~415 -310 485 -310 485 -185~#008800~1~0~none~gge5054~0",
          "W~1285 -390 1240 -390 1240 -350 1195 -350~#008800~1~0~none~gge5285~0",
          "LIB~1155~-370~package`MINI-USB-TH_C13453`BOM_Supplier`LCSC`BOM_Supplier Part`C13453`BOM_Manufacturer`LCSC`BOM_Manufacturer Part`USB-MINI-6.9X10.H-H3.9-DIP-V`Contributor`LCSC`BOM_JLCPCB Part Class`Extended Part`spicePre`U`spiceSymbolName`USB-MINI-6.9X10.H-H3.9-DIP-V`~90~0~gge20f002553ce928ab~269bea53856c4492bc0e677db49c4c43~a049878305024ed899770ee724b3dc06~0~24af19078106a96d~yes~yes#@$T~N~1010.09375~-357.71875~0~#000080~Arial~~~~~comment~USB-MINI-6.9X10.H-H3.9-DIP-V~1~start~gge5292~0~pinpart#@$T~P~1010.1015625~-366.7578125~0~#000080~Arial~~~~~comment~USB1~1~start~gge5294~0~pinpart#@$P~show~0~1~1195~-350~0~gge5296~0^^1195~-350^^M 1195 -350 h -20~#880000^^1~1173~-347~0~VCC~end~~~#0000FF^^1~1180~-351~0~1~start~~~#0000FF^^0~1178~-350^^0~M 1175 -353 L 1172 -350 L 1175 -347#@$P~show~0~2~1195~-360~0~gge5303~0^^1195~-360^^M 1195 -360 h -20~#880000^^1~1173~-357~0~D-~end~~~#0000FF^^1~1180~-361~0~2~start~~~#0000FF^^0~1178~-360^^0~M 1175 -363 L 1172 -360 L 1175 -357#@$P~show~0~3~1195~-370~0~gge5310~0^^1195~-370^^M 1195 -370 h -20~#880000^^1~1173~-367~0~D+~end~~~#0000FF^^1~1180~-371~0~3~start~~~#0000FF^^0~1178~-370^^0~M 1175 -373 L 1172 -370 L 1175 -367#@$P~show~0~4~1195~-380~0~gge5317~0^^1195~-380^^M 1195 -380 h -20~#880000^^1~1173~-377~0~ID~end~~~#0000FF^^1~1180~-381~0~4~start~~~#0000FF^^0~1178~-380^^0~M 1175 -383 L 1172 -380 L 1175 -377#@$P~show~0~5~1195~-390~0~gge5324~0^^1195~-390^^M 1195 -390 h -20~#880000^^1~1173~-387~0~GND~end~~~#0000FF^^1~1180~-391~0~5~start~~~#0000FF^^0~1178~-390^^0~M 1175 -393 L 1172 -390 L 1175 -387#@$P~show~0~6~1155~-420~90~gge5331~0^^1155~-420^^M 1155 -420 v 20~#880000^^1~1158~-398~270~6~end~~~#0000FF^^1~1154~-405~270~6~start~~~#0000FF^^0~1155~-403^^0~M 1152 -400 L 1155 -397 L 1158 -400#@$P~show~0~7~1155~-320~270~gge5338~0^^1155~-320^^M 1155 -320 v -20~#880000^^1~1158~-342~270~7~start~~~#0000FF^^1~1154~-335~270~7~end~~~#0000FF^^0~1155~-337^^0~M 1158 -340 L 1155 -343 L 1152 -340#@$R~1145~-400~~~30~60~#000000~1~0~none~gge5345~0~",
          "F~part_netLabel_netPort~1245~-260~270~gge5595~~0^^1245~-260^^VIN~#0000FF~1246.67~-281.73~270~~1~Times New Roman~8pt~flag_gge58^^PL~1245 -260 1240 -265 1240 -280 1250 -280 1250 -265 1245 -260~#0000FF~1~0~transparent~gge5599~0",
          "F~part_netLabel_netPort~1250~-210~180~gge5608~~0^^1250~-210^^SPK-~#0000FF~1271.47~-208.56~0~start~1~Times New Roman~8pt~flag_gge59^^PL~1250 -210 1255 -215 1270 -215 1270 -205 1255 -205 1250 -210~#0000FF~1~0~transparent~gge5612~0",
          "F~part_netLabel_netPort~1250~-155~180~gge5615~~0^^1250~-155^^SPKA+~#0000FF~1271.09~-152.86~0~start~1~Times New Roman~8pt~flag_gge60^^PL~1250 -155 1255 -160 1270 -160 1270 -150 1255 -150 1250 -155~#0000FF~1~0~transparent~gge5619~0",
          "F~part_netLabel_netPort~1215~-260~270~gge5622~~0^^1215~-260^^SPK+~#0000FF~1216.6~-280.9~270~~1~Times New Roman~8pt~flag_gge61^^PL~1215 -260 1210 -265 1210 -280 1220 -280 1220 -265 1215 -260~#0000FF~1~0~transparent~gge5626~0",
          "W~1225 -260 1225 -210~#008800~1~0~none~gge5635~0",
          "W~1195 -140 1195 -155 1225 -155 1225 -140~#008800~1~0~none~gge5830~0",
          "W~1205 -140 1205 -145 1215 -145 1215 -140~#008800~1~0~none~gge5833~0",
          "W~1215 -260 1215 -145~#008800~1~0~none~gge5837~0",
          "W~1250 -155 1225 -155~#008800~1~0~none~gge5839~0",
          "LIB~1205~-120~package`AUDIO-TH_PJ-358H-B`BOM_Supplier`LCSC`BOM_Supplier Part`C500091`BOM_Manufacturer`XKB Connectivity`BOM_Manufacturer Part`PJ-358H-B`Contributor`LCSC`BOM_JLCPCB Part Class`Extended Part`spicePre`C`spiceSymbolName`PJ-358H-B`~90~0~gge5d937595a7d89bae~f9c68caed9354c4688b88b3362b75d27~966b70bc80a748809021b958642050b8~0~c43559115100c8ed~yes~yes#@$T~N~1229~-100.3125~0~#000080~Arial~~~~~comment~PJ-358H-B~1~start~gge6174~0~pinpart#@$T~P~1229~-109.1640625~0~#000080~Arial~~~~~comment~CN1~1~start~gge6176~0~pinpart#@$E~1205~-109~0.5~0.5~#880000~1~0~none~gge6178~0#@$PL~1215 -120 1215 -113 1205 -109~#880000~1~0~none~gge6179~0#@$E~1205~-114~0.5~0.5~#880000~1~0~none~gge6180~0#@$PL~1205 -120 1205 -114 1205 -114~#880000~1~0~none~gge6181~0#@$PL~1195 -120 1195 -95 1200 -94 1195 -93~#880000~1~0~none~gge6182~0#@$PL~1225 -120 1225 -106 1220 -105 1225 -104~#880000~1~0~none~gge6183~0#@$P~show~0~2~1195~-140~90~gge6184~0^^1195~-140^^M 1195 -140 v 20~#880000^^0~1198~-118~270~2~end~~~#0000FF^^1~1194~-125~270~2~start~~~#0000FF^^0~1195~-123^^0~M 1192 -120 L 1195 -117 L 1198 -120#@$P~show~0~3~1205~-140~90~gge6191~0^^1205~-140^^M 1205 -140 v 20~#880000^^0~1208~-118~270~3~end~~~#0000FF^^1~1204~-125~270~3~start~~~#0000FF^^0~1205~-123^^0~M 1202 -120 L 1205 -117 L 1208 -120#@$P~show~0~4~1215~-140~90~gge6198~0^^1215~-140^^M 1215 -140 v 20~#880000^^0~1218~-118~270~4~end~~~#0000FF^^1~1214~-125~270~4~start~~~#0000FF^^0~1215~-123^^0~M 1212 -120 L 1215 -117 L 1218 -120#@$P~show~0~5~1225~-140~90~gge6205~0^^1225~-140^^M 1225 -140 v 20~#880000^^0~1228~-118~270~5~end~~~#0000FF^^1~1224~-125~270~5~start~~~#0000FF^^0~1225~-123^^0~M 1222 -120 L 1225 -117 L 1228 -120#@$PL~1185 -120 1185 -86 1202 -86 1200 -86~#880000~1~0~none~gge6212~0#@$P~show~0~1~1185~-140~90~gge6213~0^^1185~-140^^M 1185 -140 v 20~#880000^^0~1188~-118~270~1~end~~~#0000FF^^1~1184~-125~270~1~start~~~#0000FF^^0~1185~-123^^0~M 1182 -120 L 1185 -117 L 1188 -120#@$R~1202~-89~~~17~6~#880000~1~0~none~gge6220~0~",
          "LIB~1155~-210~package`C1206`BOM_Supplier`LCSC`BOM_Manufacturer`FH`BOM_Manufacturer Part`1206CG330J500NT`nameAlias`Capacitance`BOM_Supplier Part`C1906`BOM_JLCPCB Part Class`Extended Part`spicePre`C`spiceSymbolName`1206CG330J500NT`~~0~ggeabdda946ea37960d~7bdec8012728462a85919a4d0d033579~a2978100c7e9876c682ea26f425af07e~0~891ef930dd092026~yes~yes#@$T~N~1149.03125~-221~0~#000080~Arial~~~~~comment~33pF~1~start~gge6710~0~pinpart#@$T~P~1149.0390625~-229.84375~0~#000080~Arial~~~~~comment~C1~1~start~gge6712~0~pinpart#@$PL~1153 -218 1153 -202~#880000~1~0~none~gge6714~0#@$PL~1157 -218 1157 -202~#880000~1~0~none~gge6715~0#@$P~show~1~1~1140~-210~180~gge6716~0^^1140~-210^^M 1140 -210 h 10~#000000^^0~1155~-207~0~1~start~~~#000000^^0~1145~-211~0~1~end~~~#000000^^0~1147~-210^^0~M 1150 -207 L 1153 -210 L 1150 -213#@$P~show~1~2~1170~-210~0~gge6723~0^^1170~-210^^M 1170 -210 h -10~#000000^^0~1155~-207~0~2~end~~~#000000^^0~1165~-211~0~2~start~~~#000000^^0~1163~-210^^0~M 1160 -213 L 1157 -210 L 1160 -207#@$PL~1150 -210 1153 -210~#880000~1~0~none~gge6730~0#@$PL~1157 -210 1160 -210~#880000~1~0~none~gge6731~0",
          "LIB~1155~-155~package`C1206`BOM_Supplier`LCSC`BOM_Manufacturer`FH`BOM_Manufacturer Part`1206CG330J500NT`nameAlias`Capacitance`BOM_Supplier Part`C1906`BOM_JLCPCB Part Class`Extended Part`spicePre`C`spiceSymbolName`1206CG330J500NT`~~0~ggea67a2eaf05dc4d40~7bdec8012728462a85919a4d0d033579~a2978100c7e9876c682ea26f425af07e~0~9dffcee8bce55d49~yes~yes#@$T~N~1149.03125~-166~0~#000080~Arial~~~~~comment~33pF~1~start~gge6734~0~pinpart#@$T~P~1149.0390625~-174.84375~0~#000080~Arial~~~~~comment~C2~1~start~gge6736~0~pinpart#@$PL~1153 -163 1153 -147~#880000~1~0~none~gge6738~0#@$PL~1157 -163 1157 -147~#880000~1~0~none~gge6739~0#@$P~show~1~1~1140~-155~180~gge6740~0^^1140~-155^^M 1140 -155 h 10~#000000^^0~1155~-152~0~1~start~~~#000000^^0~1145~-156~0~1~end~~~#000000^^0~1147~-155^^0~M 1150 -152 L 1153 -155 L 1150 -158#@$P~show~1~2~1170~-155~0~gge6747~0^^1170~-155^^M 1170 -155 h -10~#000000^^0~1155~-152~0~2~end~~~#000000^^0~1165~-156~0~2~start~~~#000000^^0~1163~-155^^0~M 1160 -158 L 1157 -155 L 1160 -152#@$PL~1150 -155 1153 -155~#880000~1~0~none~gge6754~0#@$PL~1157 -155 1160 -155~#880000~1~0~none~gge6755~0",
          "LIB~1115~-210~package`R1210`BOM_Supplier`LCSC`BOM_Supplier Part`C473045`BOM_Manufacturer`UNI-ROYAL(Uniroyal Elec)`BOM_Manufacturer Part`1210W2F470KT5E`nameAlias`Resistance (Ohms)`Contributor`LCSC`spicePre`R`spiceSymbolName`1210W2F470KT5E`~~0~ggee6661ab8d087d4a7~8d980e0cb4b8404e96542d2888a244bd~22d98ef21592478f85a2dc02da4d3402~0~adf9abf05d341a44~yes~yes#@$T~N~1109.03125~-218~0~#000080~Arial~~~~~comment~4.7~1~start~gge6799~0~pinpart#@$T~P~1109.0390625~-226.828125~0~#000080~Arial~~~~~comment~R2~1~start~gge6801~0~pinpart#@$P~show~0~1~1095~-210~180~gge6803~0^^1095~-210^^M 1105 -210 h -10~#800^^0~1109~-210~0~1~start~~~#800^^0~1101~-214~0~1~end~~~#800^^0~1082~-210^^0~M 1085 -207 L 1088 -210 L 1085 -213#@$P~show~0~2~1135~-210~0~gge6810~0^^1135~-210^^M 1125 -210 h 10~#800^^0~1121~-210~0~2~end~~~#800^^0~1129~-214~0~2~start~~~#800^^0~1148~-210^^0~M 1145 -213 L 1142 -210 L 1145 -207#@$R~1105~-215~~~20~10~#A00000~1~0~none~gge6817~0~",
          "LIB~1115~-155~package`R1210`BOM_Supplier`LCSC`BOM_Supplier Part`C473045`BOM_Manufacturer`UNI-ROYAL(Uniroyal Elec)`BOM_Manufacturer Part`1210W2F470KT5E`nameAlias`Resistance (Ohms)`Contributor`LCSC`spicePre`R`spiceSymbolName`1210W2F470KT5E`~~0~gge7915b77237c18e44~8d980e0cb4b8404e96542d2888a244bd~22d98ef21592478f85a2dc02da4d3402~0~e545d71e2814657f~yes~yes#@$T~N~1109.03125~-163~0~#000080~Arial~~~~~comment~4.7~1~start~gge6820~0~pinpart#@$T~P~1109.0390625~-171.828125~0~#000080~Arial~~~~~comment~R7~1~start~gge6822~0~pinpart#@$P~show~0~1~1095~-155~180~gge6824~0^^1095~-155^^M 1105 -155 h -10~#800^^0~1109~-155~0~1~start~~~#800^^0~1101~-159~0~1~end~~~#800^^0~1082~-155^^0~M 1085 -152 L 1088 -155 L 1085 -158#@$P~show~0~2~1135~-155~0~gge6831~0^^1135~-155^^M 1125 -155 h 10~#800^^0~1121~-155~0~2~end~~~#800^^0~1129~-159~0~2~start~~~#800^^0~1148~-155^^0~M 1145 -158 L 1142 -155 L 1145 -152#@$R~1105~-160~~~20~10~#A00000~1~0~none~gge6838~0~",
          "W~1135 -155 1140 -155~#008800~1~0~none~gge6860~0",
          "W~1135 -210 1140 -210~#008800~1~0~none~gge6861~0",
          "W~1170 -210 1185 -210~#008800~1~0~none~gge6862~0",
          "W~1170 -155 1195 -155~#008800~1~0~none~gge6864~0",
          "W~1095 -210 1095 -155~#008800~1~0~none~gge6866~0",
          "F~part_netLabel_gnD~1095~-155~0~gge6871~~0^^1095~-155^^GND~#000000~1082~-129~0~start~1~Times New Roman~9pt~flag_gge62^^PL~1095 -145 1095 -155~#000000~1~0~transparent~gge6875~0^^PL~1086 -145 1104 -145~#000000~1~0~transparent~gge6876~0^^PL~1089 -143 1101 -143~#000000~1~0~transparent~gge6877~0^^PL~1092 -141 1098 -141~#000000~1~0~transparent~gge6878~0^^PL~1094 -139 1096 -139~#000000~1~0~transparent~gge6879~0",
          "J~570~-185~2.5~#CC0000~gge2136~0",
          "J~330~-60~2.5~#CC0000~gge2139~0",
          "J~405~-60~2.5~#CC0000~gge2142~0",
          "J~330~-210~2.5~#CC0000~gge2145~0",
          "J~275~-210~2.5~#CC0000~gge2148~0",
          "J~485~-60~2.5~#CC0000~gge2151~0",
          "J~1105~-865~2.5~#CC0000~gge2154~0",
          "J~1115~-865~2.5~#CC0000~gge2157~0",
          "J~1115~-735~2.5~#CC0000~gge2163~0",
          "J~1080~-760~2.5~#CC0000~gge2166~0",
          "J~1105~-760~2.5~#CC0000~gge2169~0",
          "J~825~-20~2.5~#CC0000~gge2175~0",
          "J~750~-365~2.5~#CC0000~gge2178~0",
          "J~815~-365~2.5~#CC0000~gge2181~0",
          "J~750~-100~2.5~#CC0000~gge2184~0",
          "J~945~-110~2.5~#CC0000~gge2187~0",
          "J~670~-100~2.5~#CC0000~gge2190~0",
          "J~815~-20~2.5~#CC0000~gge2193~0",
          "J~780~-20~2.5~#CC0000~gge2196~0",
          "J~790~-20~2.5~#CC0000~gge2199~0",
          "J~800~-20~2.5~#CC0000~gge2202~0",
          "J~845~-20~2.5~#CC0000~gge2205~0",
          "J~855~-20~2.5~#CC0000~gge2208~0",
          "J~865~-20~2.5~#CC0000~gge2211~0",
          "J~1270~-330~2.5~#CC0000~gge2217~0",
          "J~1310~-230~2.5~#CC0000~gge2223~0",
          "J~585~-595~2.5~#CC0000~gge2238~0",
          "J~855~-230~2.5~#CC0000~gge2241~0",
          "J~830~-230~2.5~#CC0000~gge2244~0",
          "J~730~-230~2.5~#CC0000~gge2247~0",
          "J~875~-365~2.5~#CC0000~gge2250~0",
          "J~910~-230~2.5~#CC0000~gge2253~0",
          "J~730~-155~2.5~#CC0000~gge4400~0",
          "J~1365~-305~2.5~#CC0000~gge4653~0",
          "J~1285~-330~2.5~#CC0000~gge4654~0",
          "J~1395~-240~2.5~#CC0000~gge2235~0",
          "J~1105~-675~2.5~#CC0000~gge4988~0",
          "J~485~-185~2.5~#CC0000~gge5051~0",
          "J~1270~-390~2.5~#CC0000~gge5286~0",
          "J~1245~-260~2.5~#CC0000~gge5600~0",
          "J~1225~-210~2.5~#CC0000~gge5636~0",
          "J~1215~-145~2.5~#CC0000~gge5838~0",
          "J~1225~-155~2.5~#CC0000~gge5840~0",
          "J~1185~-210~2.5~#CC0000~gge6863~0",
          "J~1195~-155~2.5~#CC0000~gge6865~0",
          "J~1095~-155~2.5~#CC0000~gge6880~0",
          "J~1215~-260~2.5~#CC0000~gge6881~0"
        ],
        "BBox": {
          "x": 60.5,
          "y": -913.5,
          "width": 1504.4,
          "height": 922
        },
        "colors": {}
      }
    }
  ]
}